title,point,hit,review,star,address,telephone
사브서울,4.7,22928,25,789,서울특별시 강남구 논현로175길 6 B1<br><br> 지번 서울시 강남구 신사동 580-5 B1,02-512-4939
제스트,4.6,14119,28,564,서울특별시 강남구 도산대로55길 26 하늘빌딩 1F<br><br> 지번 서울시 강남구 청담동 88-1 하늘빌딩 1F,010-3177-8801
PDR,4.4,14681,12,770,서울특별시 강남구 언주로134길 24 2F<br><br> 지번 서울시 강남구 논현동 116-1 2F,02-3444-8880
피아마,4.4,6183,5,276,서울특별시 강남구 도산대로70길 9 2F<br><br> 지번 서울시 강남구 청담동 13 2F,0507-1307-5434
화이트와인개러지,4.3,20427,17,943,서울특별시 강남구 삼성로149길 7 B1<br><br> 지번 서울시 강남구 청담동 12-15 B1,02-540-7560
파인앤코,4.3,12916,14,519,서울특별시 강남구 선릉로157길 33 B1<br><br> 지번 서울시 강남구 신사동 657 B1,0507-1335-7434
임바이브,4.3,9124,9,248,서울특별시 강남구 강남대로124길 3-9 B1<br><br> 지번 서울시 강남구 논현동 143-9 B1,02-6951-2880
리커테이션,4.3,13421,14,729,서울특별시 강남구 압구정로10길 13 마사빌딩 B1<br><br> 지번 서울시 강남구 신사동 532-4 마사빌딩 B1,02-6339-5337
유희,4.3,3149,7,139,서울특별시 강남구 도산대로11길 31-8 B1<br><br> 지번 서울시 강남구 신사동 518-14 B1,02-6014-9808
로비라운지바,4.2,34297,37,495,서울특별시 강남구 테헤란로 521 그랜드인터컨티넨탈 서울 파르나스 1F<br><br> 지번 서울시 강남구 삼성동 159-8 그랜드인터컨티넨탈 서울 파르나스 1F,02-559-7603
복싱타이거,4.2,18523,21,668,서울특별시 강남구 강남대로156길 13 B1<br><br> 지번 서울시 강남구 신사동 510-3 B1,02-540-2399
획,4.2,10474,8,422,서울특별시 강남구 강남대로156길 31<br><br> 지번 서울시 강남구 신사동 517-10,0507-1382-8332
작,4.2,13027,9,417,서울특별시 강남구 논현로95길 14 1F<br><br> 지번 서울시 강남구 역삼동 640-11 1F,02-501-2342
장생건강원,4.1,22973,81,977,서울특별시 강남구 강남대로124길 23<br><br> 지번 서울시 강남구 논현동 145-12,070-7543-1077
르챔버,4.1,188576,97,5697,서울특별시 강남구 도산대로55길 42 B1<br><br> 지번 서울시 강남구 청담동 83-4 B1,02-6337-2014
심퍼티쿠시,4.1,16920,20,601,서울특별시 강남구 강남대로154길 16 1F 101호<br><br> 지번 서울시 강남구 신사동 512-3 1F 101호,070-7661-2017
커피 바 K,4.1,38284,57,984,서울특별시 강남구 언주로 517<br><br> 지번 서울시 강남구 역삼동 675-3,02-516-1970
와인웍스,4.1,22825,11,687,서울특별시 강남구 압구정로 165 압구정 현대백화점 본점 B1<br><br> 지번 서울시 강남구 압구정동 429 압구정 현대백화점 본점 B1,02-3449-5490
봉쥬르와인살롱,4.1,7186,10,101,서울특별시 강남구 강남대로122길 5 유창빌딩<br><br> 지번 서울시 강남구 논현동 164-12 유창빌딩,02-547-2001
와인소셜,4.1,3541,7,178,서울특별시 강남구 압구정로46길 71-1 2F<br><br> 지번 서울시 강남구 신사동 648-23 2F,0507-1445-0604
폴스타,4.0,45111,50,1509,서울특별시 강남구 도산대로45길 10-11<br><br> 지번 서울시 강남구 신사동 648-14,02-514-3450
하이볼가든,4.0,52082,36,2025,서울특별시 강남구 논현로161길 39<br><br> 지번 서울시 강남구 신사동 552-3,070-8886-4636
바챕터원,4.0,20674,27,681,서울특별시 강남구 논현로175길 101<br><br> 지번 서울시 강남구 신사동 525-19,02-543-0308
Tea and Proof,4.0,15681,15,765,서울특별시 강남구 양재천로 181<br><br> 지번 서울시 강남구 도곡동 454,000-0000-0000
트웰브,4.0,28912,20,762,서울특별시 강남구 압구정로72길 26 B1<br><br> 지번 서울시 강남구 청담동 95-16 B1,02-548-1201
루팡,4.0,28322,23,750,서울특별시 강남구 선릉로160길 5<br><br> 지번 서울시 강남구 청담동 84-18,02-511-8418
셰막,3.9,256604,123,4252,서울특별시 강남구 강남대로 442 2F<br><br> 지번 서울시 강남구 역삼동 814-5 2F,02-3452-7077
레커,3.9,23247,29,211,서울특별시 강남구 선릉로146길 27-10 1F<br><br> 지번 서울시 강남구 청담동 20-2 1F,02-543-4707
Bar서랍,3.9,11202,16,246,서울특별시 강남구 압구정로34길 24 2F<br><br> 지번 서울시 강남구 신사동 613-9 2F,02-548-3484
벨뷰,3.9,16339,18,209,서울특별시 강남구 선릉로152길 30 1F<br><br> 지번 서울시 강남구 청담동 91-3 1F,010-7394-8388
루프탑클라우드,3.9,59572,27,1777,서울특별시 강남구 테헤란로25길 10 21F<br><br> 지번 서울시 강남구 역삼동 642 21F,02-2050-6035
몰트바배럴,3.9,26191,23,768,서울특별시 강남구 삼성로104길 10 이호빌딩 2F<br><br> 지번 서울시 강남구 삼성동 151-29 이호빌딩 2F,02-568-2589
Bar Tea Scent,3.9,8494,22,356,서울특별시 강남구 선릉로162길 16 엘리자벳빌딩<br><br> 지번 서울시 강남구 청담동 83-12 엘리자벳빌딩,02-6052-6579
1914라운지바,3.9,4441,12,64,서울특별시 강남구 테헤란로 231 조선팰리스 서울강남 F24<br><br> 지번 서울시 강남구 역삼동 676 조선팰리스 서울강남 F24,02-727-7640
겟올라잇,3.9,19228,10,305,서울특별시 강남구 도산대로57길 18<br><br> 지번 서울시 강남구 청담동 89-5,02-547-0895
와인쉬어리,3.9,1511,6,45,서울특별시 강남구 논현로36길 23 1F<br><br> 지번 서울시 강남구 도곡동 416-10 1F,02-6012-1382
도라지위스키,3.9,11761,11,368,서울특별시 강남구 선릉로155길 11 B1<br><br> 지번 서울시 강남구 신사동 655-5 B1,070-8844-8825
동남방앗간,3.9,18319,10,589,서울특별시 강남구 언주로154길 16 B1<br><br> 지번 서울시 강남구 신사동 631-25 B1,02-511-1224
카이포라,3.9,470,4,11,서울특별시 강남구 도산대로55길 45 B1<br><br> 지번 서울시 강남구 청담동 84-24 B1,02-544-4389
먼데이블루스,3.8,60586,28,1140,서울특별시 서초구 강남대로53길 11 서초동삼성쉐르빌2 1F<br><br> 지번 서울시 서초구 서초동 1330 서초동삼성쉐르빌2 1F,02-521-0542
스틸,3.8,19337,14,718,서울특별시 강남구 선릉로152길 7 홍경빌딩 B1<br><br> 지번 서울시 강남구 청담동 85-7 홍경빌딩 B1,02-547-2016
미스터칠드런바,3.8,15894,11,417,서울특별시 강남구 도산대로55길 43<br><br> 지번 서울시 강남구 청담동 84-25,02-545-8425
앨리스,3.7,14214,28,559,서울특별시 강남구 도산대로55길 47<br><br> 지번 서울시 강남구 청담동 84-20,02-511-8420
르캬바레도산,3.7,18222,14,567,서울특별시 강남구 도산대로 216 청담에이든호텔 18F<br><br> 지번 서울시 강남구 논현동 60-8 청담에이든호텔 18F,02-6713-6730
와인웍스,3.7,12971,11,143,서울특별시 강남구 테헤란로 517 현대백화점무역센터점<br><br> 지번 서울시 강남구 삼성동 159-7 현대백화점무역센터점,02-3467-6065
어글리,3.7,28287,16,728,서울특별시 강남구 강남대로96길 5 5F<br><br> 지번 서울시 강남구 역삼동 816-4 5F,02-501-4222
메리가든,3.7,7900,8,100,서울특별시 강남구 봉은사로 113 호텔 더 디자이너스 리즈<br><br> 지번 서울시 강남구 논현동 201-11 호텔 더 디자이너스 리즈,02-517-9702
마녀주방,3.5,52888,86,1092,서울특별시 강남구 강남대로94길 9<br><br> 지번 서울시 강남구 역삼동 818-14,070-4240-1116
파복스,3.5,58484,39,1568,서울특별시 강남구 테헤란로1길 26<br><br> 지번 서울시 강남구 역삼동 817-10,02-3452-3489
플랫나인,3.5,7142,16,128,서울특별시 서초구 강남대로65길 10 5F<br><br> 지번 서울시 서초구 서초동 1308-15 5F,02-532-9630
데노체,3.5,4857,7,74,서울특별시 강남구 압구정로2길 46 1F<br><br> 지번 서울시 강남구 신사동 510-11 1F,02-545-4005
오늘와인한잔,3.5,5729,7,46,서울특별시 강남구 강남대로96길 11-4 B1<br><br> 지번 서울시 강남구 역삼동 817-16 B1,02-555-0535
컬렉션라운지,3.4,19307,38,453,서울특별시 강남구 압구정로10길 33<br><br> 지번 서울시 강남구 신사동 534,070-4229-0050
아브라소812,3.4,10415,14,241,서울특별시 강남구 봉은사로4길 29 B1<br><br> 지번 서울시 강남구 역삼동 812 B1,070-8810-0812
와인코르크,3.4,28654,21,625,서울특별시 강남구 테헤란로1길 28-9<br><br> 지번 서울시 강남구 역삼동 817-30,02-501-6335
월매네주막,3.4,13601,14,122,서울특별시 서초구 강남대로 437 1F<br><br> 지번 서울시 서초구 서초동 1305-3 1F,02-537-6684
고센,3.3,21482,74,356,서울특별시 강남구 선릉로158길 18<br><br> 지번 서울시 강남구 청담동 88-23,02-515-1863
엘세뇨르둘세,3.2,6794,14,191,서울특별시 강남구 도산대로101길 22<br><br> 지번 서울시 강남구 청담동 128-6,02-516-6157
카페슬로우,3.2,46415,52,933,서울특별시 서초구 서초대로77길 35 1F<br><br> 지번 서울시 서초구 서초동 1308-12 1F,02-3482-0111
아실라,3.1,26996,19,588,서울특별시 강남구 강남대로98길 16 파빌리온빌딩 B1<br><br> 지번 서울시 강남구 역삼동 817-35 파빌리온빌딩 B1,02-508-4665
화이트바,0.0,14348,13,347,서울특별시 강남구 압구정로80길 30 삼도빌딩 B1<br><br> 지번 서울시 강남구 청담동 93-14 삼도빌딩 B1,02-6207-7429
더라이온스덴,0.0,22352,14,396,서울특별시 강남구 선릉로158길 7<br><br> 지번 서울시 강남구 청담동 84-11,02-512-1136
문온더씨,0.0,3935,11,73,서울특별시 강남구 삼성로82길 19 B1<br><br> 지번 서울시 강남구 대치동 956-28 B1,02-501-0111
바 밀라,0.0,3178,3,79,서울특별시 강남구 삼성로149길 13 2F<br><br> 지번 서울시 강남구 청담동 12-12 2F,02-544-4761
볼트82,0.0,71728,23,2117,서울특별시 강남구 압구정로72길 22<br><br> 지번 서울시 강남구 청담동 95-15,02-544-9234
호사,0.0,3299,12,67,서울특별시 강남구 선릉로148길 39<br><br> 지번 서울시 강남구 청담동 3-15,02-545-9259
페타테,0.0,22772,9,628,서울특별시 강남구 압구정로14길 32 2F<br><br> 지번 서울시 강남구 신사동 546-20 2F,02-516-3342
크르크르,0.0,1621,5,60,서울특별시 강남구 압구정로42길 25-10 5F<br><br> 지번 서울시 강남구 신사동 643-20 5F,070-7738-3249
사이드웨이,0.0,48870,30,812,서울특별시 강남구 강남대로98길 28<br><br> 지번 서울시 강남구 역삼동 817-38,02-555-9925
화빙장,0.0,7903,4,248,서울특별시 강남구 압구정로50길 8<br><br> 지번 서울시 강남구 신사동 660-10,02-540-2999
루프탑바,0.0,11571,11,176,서울특별시 강남구 봉은사로 155 호텔 카푸치노 17F<br><br> 지번 서울시 강남구 논현동 206-1 호텔 카푸치노 17F,02-2038-9618
노마드,0.0,6395,8,114,서울특별시 강남구 도산대로101길 28<br><br> 지번 서울시 강남구 청담동 128-3,02-511-1283
레솔베르,0.0,3261,2,27,서울특별시 강남구 도산대로57길 13-4 2F<br><br> 지번 서울시 강남구 청담동 88-29 2F,010-2969-9154
삼성리,0.0,10699,5,129,서울특별시 강남구 봉은사로86길 28<br><br> 지번 서울시 강남구 삼성동 148-10,02-6401-0200
타로맨스,0.0,4848,7,70,서울특별시 강남구 도곡로11길 10<br><br> 지번 서울시 강남구 역삼동 835-33,010-4983-9410
모드라운지,0.0,1813,35,31,서울특별시 서초구 서초대로77길 37 월드상가 10F<br><br> 지번 서울시 서초구 서초동 1308-10 월드상가 10F,0507-1365-8923
청담대패당,0.0,5646,5,105,서울특별시 강남구 도산대로 420 청담스퀘어 타워빌딩 320호<br><br> 지번 서울시 강남구 청담동 3 청담스퀘어 타워빌딩 320호,02-6480-8989
서울러,0.0,6368,8,130,서울특별시 강남구 강남대로152길 69 B1<br><br> 지번 서울시 강남구 신사동 540-18 B1,010-9929-6199
바인하우스,0.0,3886,5,49,서울특별시 강남구 도산대로89길 13 B1<br><br> 지번 서울시 강남구 청담동 123-53 B1,070-4231-6616
오르빗,0.0,856,3,38,서울특별시 강남구 선릉로157길 13 B1<br><br> 지번 서울시 강남구 신사동 657-36 B1,02-548-3828
루베크,0.0,13673,10,169,서울특별시 서초구 서초대로73길 50 대원빌딩 4F<br><br> 지번 서울시 서초구 서초동 1309-5 대원빌딩 4F,02-594-1016
압구정의 하루일과,0.0,3545,5,55,서울특별시 강남구 압구정로29길 71 현대상가 2동 1F<br><br> 지번 서울시 강남구 압구정동 369-1 현대상가 2동 1F,02-547-6611
더미트,0.0,9367,16,74,서울특별시 강남구 봉은사로2길 19<br><br> 지번 서울시 강남구 역삼동 810-4,02-557-1122
헬로우,0.0,47499,22,1516,서울특별시 강남구 논현로151길 55 호경빌딩 B1<br><br> 지번 서울시 강남구 신사동 541-2 호경빌딩 B1,02-541-4427
콜마인,0.0,645,0,12,서울특별시 강남구 압구정로50길 5-12 B1<br><br> 지번 서울시 강남구 신사동 661-10 B1,070-8623-9779
멜랑즈,0.0,7021,5,268,서울특별시 강남구 도산대로50길 16 2F<br><br> 지번 서울시 강남구 논현동 96-11 2F,02-512-5980
게스후,0.0,7112,4,92,서울특별시 강남구 논현로 819 MK빌딩 B1<br><br> 지번 서울시 강남구 신사동 586 MK빌딩 B1,02-547-9063
판치야,0.0,2738,1,19,서울특별시 강남구 학동로53길 29 대림빌딩<br><br> 지번 서울시 강남구 논현동 109-26 대림빌딩,010-4349-3323
영화와인셀러,0.0,2825,2,12,서울특별시 강남구 언주로93길 32-6<br><br> 지번 서울시 강남구 역삼동 672-33,02-553-7233
제이앤제이슨,0.0,22784,9,221,서울특별시 강남구 도산대로49길 31 B1<br><br> 지번 서울시 강남구 신사동 647-14 B1,010-7430-7053
펄쉘프리미에,0.0,5048,4,169,서울특별시 강남구 압구정로42길 49 B1<br><br> 지번 서울시 강남구 신사동 645-28 B1,02-3446-0916
크레이지와인바,0.0,5146,2,41,서울특별시 강남구 도산대로51길 41 2F<br><br> 지번 서울시 강남구 신사동 657-21 2F,02-516-9994
믹솔로지,0.0,5430,10,145,서울특별시 강남구 도산대로58길 18 B1<br><br> 지번 서울시 강남구 청담동 22-14 B1,02-511-8214
누앙스미묘한차이,0.0,4532,9,103,서울특별시 강남구 압구정로72길 7<br><br> 지번 서울시 강남구 청담동 99-1,02-514-8077
피플더테라스,0.0,7776,8,92,서울특별시 강남구 도산대로81길 13<br><br> 지번 서울시 강남구 청담동 118-19,02-511-8113
디태치먼트,0.0,5719,4,119,서울특별시 강남구 논현로151길 18<br><br> 지번 서울시 강남구 신사동 562-13,02-511-8782
데일리 청담,0.0,2553,4,34,서울특별시 강남구 선릉로152길 21 영인빌딩<br><br> 지번 서울시 강남구 청담동 89-6 영인빌딩,0507-1331-8648
엠바고,0.0,752,2,19,서울특별시 강남구 선릉로146길 27-3 1F<br><br> 지번 서울시 강남구 청담동 21-14 1F,0507-1486-8026
비랩,0.0,9403,8,37,서울특별시 강남구 강남대로98길 10 2F<br><br> 지번 서울시 강남구 역삼동 817-1 2F,010-2780-1245
일곱잔,0.0,1938,5,33,서울특별시 강남구 도산대로11길 5 2F 202호<br><br> 지번 서울시 강남구 신사동 514-9 2F 202호,0507-1326-8158
하우스오브알케미,0.0,7196,6,155,서울특별시 강남구 압구정로 102 라까사호텔<br><br> 지번 서울시 강남구 신사동 527-4 라까사호텔,02-6190-0909
그늘,0.0,146,5,5,서울특별시 강남구 도산대로66길 13<br><br> 지번 서울시 강남구 청담동 18-23,02-540-1318
셜록,0.0,4880,8,118,서울특별시 강남구 도산대로83길 17 B1<br><br> 지번 서울시 강남구 청담동 117-38 B1,070-8885-0221
비비노 알트로몬도,0.0,529,3,12,서울특별시 강남구 도산대로17길 39 예지빌딩 B1<br><br> 지번 서울시 강남구 신사동 544-26 예지빌딩 B1,0507-1375-3606
로비라운지바,0.0,3043,5,25,서울특별시 강남구 봉은사로 524 코엑스인터콘티넨탈서울 1F<br><br> 지번 서울시 강남구 삼성동 159 코엑스인터콘티넨탈서울 1F,02-3430-8603
더더치치즈앤모어,0.0,1593,3,22,서울특별시 강남구 선릉로 660<br><br> 지번 서울시 강남구 삼성동 8-2,000-0000-0000
키퍼스,0.0,5296,2,122,서울특별시 강남구 선릉로152길 18 B1<br><br> 지번 서울시 강남구 청담동 87-9 B1,02-549-9992
레 부르주아,0.0,2571,2,53,서울특별시 강남구 강남대로152길 46 2F<br><br> 지번 서울시 강남구 신사동 537-4 2F,02-6085-5695
오늘와인한잔,0.0,4567,7,39,서울특별시 강남구 강남대로156길 40<br><br> 지번 서울시 강남구 신사동 516-10,070-4098-7006
와인북카페,0.0,12796,9,240,서울특별시 강남구 논현로149길 5<br><br> 지번 서울시 강남구 논현동 8-9,02-549-0490
머스크,0.0,2597,5,77,서울특별시 강남구 언주로152길 14 로데오빌딩<br><br> 지번 서울시 강남구 신사동 630-21 로데오빌딩,02-543-6321
하이퍼서울,0.0,4724,2,66,서울특별시 강남구 강남대로96길 15 B1<br><br> 지번 서울시 강남구 역삼동 817-18 B1,010-9891-9615
코미디클럽,0.0,2100,1,5,서울특별시 강남구 도산대로 507 B1<br><br> 지번 서울시 강남구 청담동 120-3 B1,02-543-1123
공베르,0.0,1792,3,40,서울특별시 강남구 압구정로50길 28 113호<br><br> 지번 서울시 강남구 신사동 658 113호,02-517-0872
패리스비치,0.0,4274,3,85,서울특별시 강남구 압구정로42길 36<br><br> 지번 서울시 강남구 신사동 635-14,02-3444-1905
시카고갤러리라운지,0.0,6789,1,12,서울특별시 강남구 도산대로 205<br><br> 지번 서울시 강남구 신사동 587-1,1566-1263
곰방대 (휴업중),0.0,3874,4,20,서울특별시 강남구 학동로6길 53 B1<br><br> 지번 서울시 강남구 논현동 158-35 B1,010-2862-1991
휴일,0.0,2794,4,62,서울특별시 강남구 역삼로3길 20-4 영광빌딩 B1<br><br> 지번 서울시 강남구 역삼동 830-9 영광빌딩 B1,02-568-9901
청담니은,0.0,2539,4,42,서울특별시 강남구 도산대로70길 9 B<br><br> 지번 서울시 강남구 청담동 13 B,010-2786-5948
한량블루스,0.0,1349,3,11,서울특별시 서초구 서초대로75길 45 3F<br><br> 지번 서울시 서초구 서초동 1308-2 3F,02-533-5759
로얄라운지,0.0,3913,2,24,서울특별시 강남구 논현로 709<br><br> 지번 서울시 강남구 논현동 36-8,02-514-1247
So What,0.0,3476,2,58,서울특별시 강남구 도산대로17길 22<br><br> 지번 서울시 강남구 신사동 560-6,010-7343-0212
낰낰,0.0,1006,2,19,서울특별시 강남구 학동로11길 20-7 B2<br><br> 지번 서울시 강남구 논현동 41-13 B2,0507-1429-9087
와인바 컨티뉴엄,0.0,963,1,18,서울특별시 강남구 테헤란로 231 EAST E205호<br><br> 지번 서울시 강남구 역삼동 676 EAST E205호,010-8296-7214
보바베어,0.0,14806,10,92,서울특별시 강남구 압구정로12길 13 2F<br><br> 지번 서울시 강남구 신사동 547-2 2F,02-3445-8585
개츠비 바이리,0.0,4476,3,107,서울특별시 강남구 도산대로55길 37 B1<br><br> 지번 서울시 강남구 청담동 84-14 B1,02-511-2606
샴,0.0,7521,3,124,서울특별시 강남구 압구정로46길 5-6<br><br> 지번 서울시 강남구 신사동 660-17,070-4125-6413
제너릭,0.0,792,4,26,서울특별시 강남구 삼성로 730 5F<br><br> 지번 서울시 강남구 청담동 63-12 5F,0507-1369-2382
뱀파이어 위켄드 와인바,0.0,2808,2,22,서울특별시 강남구 삼성로140길 6 라파빌딩 B1<br><br> 지번 서울시 강남구 청담동 63-11 라파빌딩 B1,02-516-5571
레브,0.0,399,2,8,서울특별시 강남구 언주로172길 54 1F<br><br> 지번 서울시 강남구 신사동 663 1F,070-4120-5500
애니오케이션 베이스먼트,0.0,300,1,17,서울특별시 강남구 도산대로51길 14 B2<br><br> 지번 서울시 강남구 신사동 654-12 B2,0507-1430-1471
B28,0.0,5049,15,199,서울특별시 강남구 도산대로55길 24 B1<br><br> 지번 서울시 강남구 청담동 88-2 B1,010-3402-2828
비노쿠스테이블,0.0,1854,2,96,서울특별시 강남구 학동로44길 26<br><br> 지번 서울시 강남구 논현동 247-7,070-8807-2477
쿨쉽다이닝,0.0,868,2,51,서울특별시 강남구 도산대로25길 43 2F<br><br> 지번 서울시 강남구 신사동 553-25 2F,010-4695-5425
제이앤엘클래식바,0.0,5173,1,46,서울특별시 강남구 도산대로45길 14<br><br> 지번 서울시 강남구 신사동 650-16,02-545-0890
싸우나 뮤직바,0.0,2053,1,6,서울특별시 강남구 도산대로87길 11<br><br> 지번 서울시 강남구 청담동 122-30,02-3448-8897
뉴욕바,0.0,511,1,1,서울특별시 강남구 강남대로84길 24-4 B1<br><br> 지번 서울시 강남구 역삼동 827-3 B1,0507-1368-8516
프레임 FRAME,0.0,376,1,24,서울특별시 강남구 도산대로11길 32 2F<br><br> 지번 서울시 강남구 신사동 535-8 2F,02-499-9731
와인주막차차,0.0,9068,6,127,서울특별시 강남구 논현로94길 25-5 화가빌딩 2F<br><br> 지번 서울시 강남구 역삼동 670-17 화가빌딩 2F,02-554-0722
노퍼블릭 하우스,0.0,2305,3,19,서울특별시 강남구 논현로159길 65 3F<br><br> 지번 서울시 강남구 신사동 545-1 3F,02-540-3714
베리블라썸,0.0,2389,2,15,서울특별시 강남구 선릉로148길 21 1F<br><br> 지번 서울시 강남구 청담동 2-18 1F,02-3443-8855
이더웨이,0.0,1057,2,11,서울특별시 강남구 강남대로124길 3-6 호은빌딩 2F<br><br> 지번 서울시 강남구 논현동 143-16 호은빌딩 2F,02-6952-0899
육다시구,0.0,507,2,17,서울특별시 강남구 논현로149길 40<br><br> 지번 서울시 강남구 논현동 6-9,02-6080-4069
라이트룸,0.0,122,1,2,서울특별시 강남구 선릉로157길 20-5 신사빌딩 B1<br><br> 지번 서울시 강남구 신사동 663-7 신사빌딩 B1,0507-1353-8414
스몰치즈박스,0.0,64,1,0,서울특별시 강남구 논현로159길 25 102호<br><br> 지번 서울시 강남구 신사동 566-6 102호,0507-1326-6514
원가바,0.0,12342,8,125,서울특별시 강남구 강남대로94길 23 3F<br><br> 지번 서울시 강남구 역삼동 818-7 3F,02-557-3226
세이버리,0.0,7658,5,41,서울특별시 강남구 테헤란로19길 21<br><br> 지번 서울시 강남구 역삼동 637-29,070-4115-8668
그레이트후카바,0.0,8247,4,53,서울특별시 서초구 서초대로77길 37 서초동월드 401호<br><br> 지번 서울시 서초구 서초동 1308-10 서초동월드 401호,02-6247-0808
서울살롱,0.0,4807,4,73,서울특별시 강남구 언주로164길 41 B1<br><br> 지번 서울시 강남구 신사동 646-22 B1,010-9120-6706
오늘와인한잔,0.0,1799,4,9,서울특별시 강남구 봉은사로1길 33 논현빌딩 1F<br><br> 지번 서울시 강남구 논현동 165-13 논현빌딩 1F,02-540-5156
미스터사이몬,0.0,2157,4,22,서울특별시 강남구 선릉로155길 13-1 1F<br><br> 지번 서울시 강남구 신사동 655-7 1F,02-3445-6108
바러프,0.0,568,1,8,서울특별시 강남구 선릉로155길 12 104호<br><br> 지번 서울시 강남구 신사동 657-1 104호,010-6463-3226
나인오어,0.0,95,1,10,서울특별시 강남구 테헤란로104길 19<br><br> 지번 서울시 강남구 대치동 1000,000-0000-0000
파티피플,0.0,8,1,0,서울특별시 강남구 도산대로 429 1F<br><br> 지번 서울시 강남구 청담동 91-8 1F,0507-1332-5682
Kompakt Record Bar,0.0,6673,7,126,서울특별시 강남구 도산대로25길 46<br><br> 지번 서울시 강남구 신사동 566-1,010-2718-5866
파복스,0.0,5096,6,78,서울특별시 강남구 논현로151길 17 1F<br><br> 지번 서울시 강남구 신사동 563-18 1F,02-3444-5684
매니아스트리트,0.0,5286,2,83,서울특별시 강남구 압구정로2길 57 1F<br><br> 지번 서울시 강남구 신사동 516-18 1F,010-3862-5516
오디언스,0.0,1231,2,20,서울특별시 강남구 도산대로45길 8-8 B1<br><br> 지번 서울시 강남구 신사동 651-9 B1,070-8802-0380
비노아미쿠스,0.0,471,1,10,서울특별시 강남구 양재천로 191 105-1호<br><br> 지번 서울시 강남구 도곡동 454-5 105-1호,02-574-0988
까사델비노,0.0,12405,8,179,서울특별시 강남구 선릉로162길 43<br><br> 지번 서울시 강남구 청담동 80-5,02-542-8003
캐시바,0.0,5265,4,20,서울특별시 강남구 봉은사로2길 10<br><br> 지번 서울시 강남구 역삼동 809-2,02-565-5465
와인어클락,0.0,3919,4,38,서울특별시 강남구 강남대로106길 14 오성빌딩 2F<br><br> 지번 서울시 강남구 역삼동 813-2 오성빌딩 2F,02-563-2200
트리하우스,0.0,6168,3,120,서울특별시 강남구 삼성로104길 21<br><br> 지번 서울시 강남구 삼성동 148-13,02-556-2017
레 끌레 드 크리스탈,0.0,1183,3,36,서울특별시 강남구 압구정로79길 8 하나빌딩 2-3F<br><br> 지번 서울시 강남구 청담동 119-8 하나빌딩 2-3F,02-515-1198
라뷸,0.0,8050,2,362,서울특별시 강남구 압구정로80길 24 B1<br><br> 지번 서울시 강남구 청담동 95-5 B1,02-511-5692
하프컷,0.0,1908,2,27,서울특별시 강남구 삼성로75길 32 1F 101호<br><br> 지번 서울시 강남구 대치동 901-60 1F 101호,02-6053-1919
청담하우스바,0.0,3495,1,27,서울특별시 강남구 선릉로152길 21<br><br> 지번 서울시 강남구 청담동 89-6,010-3241-7456
타임,0.0,2442,1,23,서울특별시 강남구 선릉로 344<br><br> 지번 서울시 강남구 대치동 908,000-0000-0000
록키,0.0,78,4,3,서울특별시 강남구 압구정로10길 30-7<br><br> 지번 서울시 강남구 신사동 524-21,000-0000-0000
에스653,0.0,5064,2,27,서울특별시 강남구 도산대로51길 19<br><br> 지번 서울시 강남구 신사동 653-4,010-3700-1117
Esum,0.0,4537,2,63,서울특별시 강남구 봉은사로4길 32 B1<br><br> 지번 서울시 강남구 역삼동 813-3 B1,010-9281-3828
그랑아 2,0.0,2218,2,3,서울특별시 강남구 봉은사로 130<br><br> 지번 서울시 강남구 역삼동 603,02-531-6868
영심이와세컨드바,0.0,3910,1,35,서울특별시 강남구 테헤란로84길 9<br><br> 지번 서울시 강남구 대치동 943-8,02-555-9438
SMT House Lobby Lounge,0.0,1775,1,16,서울특별시 강남구 압구정로79길 58 1F<br><br> 지번 서울시 강남구 청담동 125-24 1F,02-515-9201
보야저,0.0,261,1,7,서울특별시 강남구 도산대로45길 10-2 B1<br><br> 지번 서울시 강남구 신사동 651-2 B1,070-8886-7799
원하프라운지펍,0.0,101,1,2,서울특별시 강남구 가로수길 19 B1<br><br> 지번 서울시 강남구 신사동 536-18 B1,0507-1332-3756
오픈엔드,0.0,91,1,1,서울특별시 강남구 도산대로51길 14 3F<br><br> 지번 서울시 강남구 신사동 654-12 3F,0507-1302-5883
디깅,0.0,8084,4,85,서울특별시 강남구 테헤란로10길 14 B1<br><br> 지번 서울시 강남구 역삼동 823-8 B1,02-562-1014
도시문,0.0,771,4,17,서울특별시 강남구 남부순환로351길 4<br><br> 지번 서울시 강남구 도곡동 957,02-579-3002
코르바니w,0.0,961,3,18,서울특별시 강남구 도산대로11길 31-7<br><br> 지번 서울시 강남구 신사동 517-25,0507-1442-8923
도쿄재즈,0.0,10363,2,68,서울특별시 강남구 테헤란로87길 45 삼성빌딩<br><br> 지번 서울시 강남구 삼성동 153-44 삼성빌딩,02-3453-4472
부쉬윅,0.0,3748,2,19,서울특별시 강남구 선릉로153길 34 B1<br><br> 지번 서울시 강남구 신사동 647-23 B1,010-8482-8432
계곡,0.0,4261,1,51,서울특별시 강남구 도산대로51길 36 B1<br><br> 지번 서울시 강남구 신사동 655 B1,070-8833-4705
아지트,0.0,3142,1,13,서울특별시 강남구 도산대로46길 21 한진로즈힐아파트상가 B1<br><br> 지번 서울시 강남구 논현동 105-4 한진로즈힐아파트상가 B1,02-548-1121
솔레라,0.0,770,1,5,서울특별시 강남구 논현로26길 46-12 1F<br><br> 지번 서울시 강남구 도곡동 457-6 1F,02-3463-2021
유어네이키드치즈,0.0,227,3,21,서울특별시 강남구 압구정로10길 35-1 4F<br><br> 지번 서울시 강남구 신사동 534-6 4F,0507-1330-9036
마토,0.0,4453,2,46,서울특별시 강남구 선릉로146길 23 4F<br><br> 지번 서울시 강남구 청담동 21-21 4F,02-543-0488
설천와인하우스,0.0,1289,2,21,서울특별시 강남구 논현로24길 9 1F<br><br> 지번 서울시 강남구 도곡동 449-7 1F,0507-1443-4679
더부즈,0.0,1835,1,32,서울특별시 강남구 도산대로85길 13 B1<br><br> 지번 서울시 강남구 청담동 121-30 B1,02-547-8002
문빔,0.0,1097,1,16,서울특별시 강남구 압구정로2길 35<br><br> 지번 서울시 강남구 신사동 519-1,070-8865-9225
바제라늄,0.0,323,1,22,서울특별시 강남구 도산대로55길 37 1F<br><br> 지번 서울시 강남구 청담동 84-14 1F,02-3445-1101
비크 이 뮈르달,0.0,223,1,4,서울특별시 강남구 봉은사로 123 리체힐신논현오피스텔 F101호<br><br> 지번 서울시 강남구 논현동 202-9 리체힐신논현오피스텔 F101호,0507-1365-7234
볼륨엘피바,0.0,27,1,3,서울특별시 강남구 선릉로157길 14<br><br> 지번 서울시 강남구 신사동 663-23,02-515-5544
배산임수,0.0,814,0,38,서울특별시 강남구 영동대로106길 9 5F<br><br> 지번 서울시 강남구 삼성동 160-22 5F,02-555-0655
까치양조장,0.0,4068,6,68,서울특별시 강남구 봉은사로4길 23 2-3F<br><br> 지번 서울시 강남구 역삼동 811-13 2-3F,02-558-9933
블랙바 스테이크하우스,0.0,1881,4,15,서울특별시 강남구 테헤란로 610 B1<br><br> 지번 서울시 강남구 대치동 995-16 B1,02-6012-7429
시그넷드링킹앤더슨,0.0,5180,3,88,서울특별시 강남구 언주로 118<br><br> 지번 서울시 강남구 도곡동 467-24,02-576-6891
버틀러,0.0,2362,3,41,서울특별시 강남구 논현로151길 41 상운빌딩 102호<br><br> 지번 서울시 강남구 신사동 561 상운빌딩 102호,02-541-9587
피헨,0.0,368,2,9,서울특별시 강남구 도산대로30길 39<br><br> 지번 서울시 강남구 논현동 75,02-543-7187
라운지칠,0.0,3328,1,28,서울특별시 강남구 강남대로122길 14 B1<br><br> 지번 서울시 강남구 논현동 166-2 B1,02-540-3409