name,score,hit,review,star,address,telephone,image
사브서울,4.7,22986,25,789,서울특별시 강남구 논현로175길 6 B1<br><br> 지번 서울시 강남구 신사동 580-5 B1,02-512-4939,"https://mp-seoul-image-production-s3.mangoplate.com/2196417_1649124497884742.jpg?fit=around|512:512&crop=512:512;*,*&output-format=jpg&output-quality=80"
제스트,4.6,14145,28,564,서울특별시 강남구 도산대로55길 26 하늘빌딩 1F<br><br> 지번 서울시 강남구 청담동 88-1 하늘빌딩 1F,010-3177-8801,"https://mp-seoul-image-production-s3.mangoplate.com/1047892_1635373424034393.jpg?fit=around|512:512&crop=512:512;*,*&output-format=jpg&output-quality=80"
PDR,4.4,14714,12,771,서울특별시 강남구 언주로134길 24 2F<br><br> 지번 서울시 강남구 논현동 116-1 2F,02-3444-8880,"https://mp-seoul-image-production-s3.mangoplate.com/427448/172778_1626153764162_105705?fit=around|512:512&crop=512:512;*,*&output-format=jpg&output-quality=80"
피아마,4.4,6206,5,276,서울특별시 강남구 도산대로70길 9 2F<br><br> 지번 서울시 강남구 청담동 13 2F,0507-1307-5434,"https://mp-seoul-image-production-s3.mangoplate.com/486805/1100616_1654527236870_40737?fit=around|512:512&crop=512:512;*,*&output-format=jpg&output-quality=80"
화이트와인개러지,4.3,20435,17,943,서울특별시 강남구 삼성로149길 7 B1<br><br> 지번 서울시 강남구 청담동 12-15 B1,02-540-7560,"https://mp-seoul-image-production-s3.mangoplate.com/872233_1624526933728285.jpg?fit=around|512:512&crop=512:512;*,*&output-format=jpg&output-quality=80"
파인앤코,4.3,12927,14,519,서울특별시 강남구 선릉로157길 33 B1<br><br> 지번 서울시 강남구 신사동 657 B1,0507-1335-7434,"https://mp-seoul-image-production-s3.mangoplate.com/1789241_1632494618690449.jpg?fit=around|512:512&crop=512:512;*,*&output-format=jpg&output-quality=80"
임바이브,4.3,9135,9,251,서울특별시 강남구 강남대로124길 3-9 B1<br><br> 지번 서울시 강남구 논현동 143-9 B1,02-6951-2880,"https://mp-seoul-image-production-s3.mangoplate.com/479674_1574939194465002.jpg?fit=around|512:512&crop=512:512;*,*&output-format=jpg&output-quality=80"
리커테이션,4.3,13432,14,729,서울특별시 강남구 압구정로10길 13 마사빌딩 B1<br><br> 지번 서울시 강남구 신사동 532-4 마사빌딩 B1,02-6339-5337,"https://mp-seoul-image-production-s3.mangoplate.com/158567_1556275370307233.jpg?fit=around|512:512&crop=512:512;*,*&output-format=jpg&output-quality=80"
유희,4.3,3154,7,139,서울특별시 강남구 도산대로11길 31-8 B1<br><br> 지번 서울시 강남구 신사동 518-14 B1,02-6014-9808,"https://mp-seoul-image-production-s3.mangoplate.com/716698_1670168770196085.jpg?fit=around|512:512&crop=512:512;*,*&output-format=jpg&output-quality=80"
로비라운지바,4.2,34319,37,495,서울특별시 강남구 테헤란로 521 그랜드인터컨티넨탈 서울 파르나스 1F<br><br> 지번 서울시 강남구 삼성동 159-8 그랜드인터컨티넨탈 서울 파르나스 1F,02-559-7603,"https://mp-seoul-image-production-s3.mangoplate.com/1592769_1580093661010956.jpg?fit=around|512:512&crop=512:512;*,*&output-format=jpg&output-quality=80"
복싱타이거,4.2,18530,21,668,서울특별시 강남구 강남대로156길 13 B1<br><br> 지번 서울시 강남구 신사동 510-3 B1,02-540-2399,"https://mp-seoul-image-production-s3.mangoplate.com/1789241_1631753208375621.jpg?fit=around|512:512&crop=512:512;*,*&output-format=jpg&output-quality=80"
획,4.2,10481,8,422,서울특별시 강남구 강남대로156길 31<br><br> 지번 서울시 강남구 신사동 517-10,0507-1382-8332,"https://mp-seoul-image-production-s3.mangoplate.com/1743214_1638239238728447.jpg?fit=around|512:512&crop=512:512;*,*&output-format=jpg&output-quality=80"
작,4.2,13031,9,417,서울특별시 강남구 논현로95길 14 1F<br><br> 지번 서울시 강남구 역삼동 640-11 1F,02-501-2342,"https://mp-seoul-image-production-s3.mangoplate.com/585014_1536152409081440.jpg?fit=around|512:512&crop=512:512;*,*&output-format=jpg&output-quality=80"
장생건강원,4.1,22983,81,977,서울특별시 강남구 강남대로124길 23<br><br> 지번 서울시 강남구 논현동 145-12,070-7543-1077,"https://mp-seoul-image-production-s3.mangoplate.com/389883/449685_1600725704828_6115?fit=around|512:512&crop=512:512;*,*&output-format=jpg&output-quality=80"
르챔버,4.1,188590,97,5697,서울특별시 강남구 도산대로55길 42 B1<br><br> 지번 서울시 강남구 청담동 83-4 B1,02-6337-2014,"https://mp-seoul-image-production-s3.mangoplate.com/added_restaurants/36223_1468173699979936.jpg?fit=around|512:512&crop=512:512;*,*&output-format=jpg&output-quality=80"
심퍼티쿠시,4.1,16930,20,601,서울특별시 강남구 강남대로154길 16 1F 101호<br><br> 지번 서울시 강남구 신사동 512-3 1F 101호,070-7661-2017,"https://mp-seoul-image-production-s3.mangoplate.com/26135_1608203299685982.jpg?fit=around|512:512&crop=512:512;*,*&output-format=jpg&output-quality=80"
커피 바 K,4.1,38293,57,984,서울특별시 강남구 언주로 517<br><br> 지번 서울시 강남구 역삼동 675-3,02-516-1970,"https://mp-seoul-image-production-s3.mangoplate.com/514/172778_1613801435628_81272?fit=around|512:512&crop=512:512;*,*&output-format=jpg&output-quality=80"
와인웍스,4.1,22833,11,687,서울특별시 강남구 압구정로 165 압구정 현대백화점 본점 B1<br><br> 지번 서울시 강남구 압구정동 429 압구정 현대백화점 본점 B1,02-3449-5490,"https://mp-seoul-image-production-s3.mangoplate.com/1379285_1587227447395381.jpg?fit=around|512:512&crop=512:512;*,*&output-format=jpg&output-quality=80"
봉쥬르와인살롱,4.1,7194,10,101,서울특별시 강남구 강남대로122길 5 유창빌딩<br><br> 지번 서울시 강남구 논현동 164-12 유창빌딩,02-547-2001,"https://mp-seoul-image-production-s3.mangoplate.com/398865/840737_1565130304248_435511?fit=around|512:512&crop=512:512;*,*&output-format=jpg&output-quality=80"
와인소셜,4.1,3547,7,178,서울특별시 강남구 압구정로46길 71-1 2F<br><br> 지번 서울시 강남구 신사동 648-23 2F,0507-1445-0604,"https://mp-seoul-image-production-s3.mangoplate.com/1296730_1647445260670511.jpg?fit=around|512:512&crop=512:512;*,*&output-format=jpg&output-quality=80"
폴스타,4,45118,50,1509,서울특별시 강남구 도산대로45길 10-11<br><br> 지번 서울시 강남구 신사동 648-14,02-514-3450,"https://mp-seoul-image-production-s3.mangoplate.com/278041/230933_1483800780611_51015?fit=around|512:512&crop=512:512;*,*&output-format=jpg&output-quality=80"
하이볼가든,4,52094,36,2026,서울특별시 강남구 논현로161길 39<br><br> 지번 서울시 강남구 신사동 552-3,070-8886-4636,"https://mp-seoul-image-production-s3.mangoplate.com/856498_1615443902525773.jpg?fit=around|512:512&crop=512:512;*,*&output-format=jpg&output-quality=80"
바챕터원,4,20679,27,681,서울특별시 강남구 논현로175길 101<br><br> 지번 서울시 강남구 신사동 525-19,02-543-0308,"https://mp-seoul-image-production-s3.mangoplate.com/321425/777189_1494139020928_34051?fit=around|512:512&crop=512:512;*,*&output-format=jpg&output-quality=80"
Tea and Proof,4,15686,15,765,서울특별시 강남구 양재천로 181<br><br> 지번 서울시 강남구 도곡동 454,000-0000-0000,"https://mp-seoul-image-production-s3.mangoplate.com/sources/web/restaurants/387129/894765_1621165102698?fit=around|512:512&crop=512:512;*,*&output-format=jpg&output-quality=80"
트웰브,4,28919,20,762,서울특별시 강남구 압구정로72길 26 B1<br><br> 지번 서울시 강남구 청담동 95-16 B1,02-548-1201,"https://mp-seoul-image-production-s3.mangoplate.com/added_restaurants/63176_1460723956278258.jpg?fit=around|512:512&crop=512:512;*,*&output-format=jpg&output-quality=80"
루팡,4,28331,23,750,서울특별시 강남구 선릉로160길 5<br><br> 지번 서울시 강남구 청담동 84-18,02-511-8418,"https://mp-seoul-image-production-s3.mangoplate.com/662924_1518330852553954.jpg?fit=around|512:512&crop=512:512;*,*&output-format=jpg&output-quality=80"
셰막,3.9,256617,123,4252,서울특별시 강남구 강남대로 442 2F<br><br> 지번 서울시 강남구 역삼동 814-5 2F,02-3452-7077,"https://mp-seoul-image-production-s3.mangoplate.com/1272306_1606398292267433.jpg?fit=around|512:512&crop=512:512;*,*&output-format=jpg&output-quality=80"
레커,3.9,23249,29,211,서울특별시 강남구 선릉로146길 27-10 1F<br><br> 지번 서울시 강남구 청담동 20-2 1F,02-543-4707,"https://mp-seoul-image-production-s3.mangoplate.com/1128283_1535605868810886.jpg?fit=around|512:512&crop=512:512;*,*&output-format=jpg&output-quality=80"
Bar서랍,3.9,11204,16,246,서울특별시 강남구 압구정로34길 24 2F<br><br> 지번 서울시 강남구 신사동 613-9 2F,02-548-3484,"https://mp-seoul-image-production-s3.mangoplate.com/40495_1641421874314104.jpg?fit=around|512:512&crop=512:512;*,*&output-format=jpg&output-quality=80"
벨뷰,3.9,16345,18,209,서울특별시 강남구 선릉로152길 30 1F<br><br> 지번 서울시 강남구 청담동 91-3 1F,010-7394-8388,"https://mp-seoul-image-production-s3.mangoplate.com/341011/940132_1517899969186_5714?fit=around|512:512&crop=512:512;*,*&output-format=jpg&output-quality=80"
루프탑클라우드,3.9,59579,27,1777,서울특별시 강남구 테헤란로25길 10 21F<br><br> 지번 서울시 강남구 역삼동 642 21F,02-2050-6035,"https://mp-seoul-image-production-s3.mangoplate.com/302708_1581933288095449.jpg?fit=around|512:512&crop=512:512;*,*&output-format=jpg&output-quality=80"
몰트바배럴,3.9,26199,23,768,서울특별시 강남구 삼성로104길 10 이호빌딩 2F<br><br> 지번 서울시 강남구 삼성동 151-29 이호빌딩 2F,02-568-2589,"https://mp-seoul-image-production-s3.mangoplate.com/254930/ldqovsg8zsbvgu.jpg?fit=around|512:512&crop=512:512;*,*&output-format=jpg&output-quality=80"
Bar Tea Scent,3.9,8496,22,356,서울특별시 강남구 선릉로162길 16 엘리자벳빌딩<br><br> 지번 서울시 강남구 청담동 83-12 엘리자벳빌딩,02-6052-6579,"https://mp-seoul-image-production-s3.mangoplate.com/397253/2221540_1667542915209_26395?fit=around|512:512&crop=512:512;*,*&output-format=jpg&output-quality=80"
1914라운지바,3.9,4445,12,64,서울특별시 강남구 테헤란로 231 조선팰리스 서울강남 F24<br><br> 지번 서울시 강남구 역삼동 676 조선팰리스 서울강남 F24,02-727-7640,"https://mp-seoul-image-production-s3.mangoplate.com/886722_1651035022090550.jpg?fit=around|512:512&crop=512:512;*,*&output-format=jpg&output-quality=80"
겟올라잇,3.9,19235,10,305,서울특별시 강남구 도산대로57길 18<br><br> 지번 서울시 강남구 청담동 89-5,02-547-0895,"https://mp-seoul-image-production-s3.mangoplate.com/54303_1500135025505638.jpg?fit=around|512:512&crop=512:512;*,*&output-format=jpg&output-quality=80"
와인쉬어리,3.9,1519,6,46,서울특별시 강남구 논현로36길 23 1F<br><br> 지번 서울시 강남구 도곡동 416-10 1F,02-6012-1382,"https://mp-seoul-image-production-s3.mangoplate.com/2925_1672138624598119.jpg?fit=around|512:512&crop=512:512;*,*&output-format=jpg&output-quality=80"
도라지위스키,3.9,11762,11,368,서울특별시 강남구 선릉로155길 11 B1<br><br> 지번 서울시 강남구 신사동 655-5 B1,070-8844-8825,"https://mp-seoul-image-production-s3.mangoplate.com/777980_1596858630792431.jpg?fit=around|512:512&crop=512:512;*,*&output-format=jpg&output-quality=80"
동남방앗간,3.9,18324,10,589,서울특별시 강남구 언주로154길 16 B1<br><br> 지번 서울시 강남구 신사동 631-25 B1,02-511-1224,"https://mp-seoul-image-production-s3.mangoplate.com/1354273_1559966025914765.jpg?fit=around|512:512&crop=512:512;*,*&output-format=jpg&output-quality=80"
카이포라,3.9,471,4,11,서울특별시 강남구 도산대로55길 45 B1<br><br> 지번 서울시 강남구 청담동 84-24 B1,02-544-4389,"https://mp-seoul-image-production-s3.mangoplate.com/765226_1676947708382323.jpg?fit=around|512:512&crop=512:512;*,*&output-format=jpg&output-quality=80"
먼데이블루스,3.8,60595,28,1140,서울특별시 서초구 강남대로53길 11 서초동삼성쉐르빌2 1F<br><br> 지번 서울시 서초구 서초동 1330 서초동삼성쉐르빌2 1F,02-521-0542,"https://mp-seoul-image-production-s3.mangoplate.com/218739/197534_144204338631011791?fit=around|512:512&crop=512:512;*,*&output-format=jpg&output-quality=80"
스틸,3.8,19340,14,718,서울특별시 강남구 선릉로152길 7 홍경빌딩 B1<br><br> 지번 서울시 강남구 청담동 85-7 홍경빌딩 B1,02-547-2016,"https://mp-seoul-image-production-s3.mangoplate.com/added_restaurants/433864_1449033171497.jpg?fit=around|512:512&crop=512:512;*,*&output-format=jpg&output-quality=80"
미스터칠드런바,3.8,15899,11,417,서울특별시 강남구 도산대로55길 43<br><br> 지번 서울시 강남구 청담동 84-25,02-545-8425,"https://mp-seoul-image-production-s3.mangoplate.com/259345/230933_1478269978017_39617?fit=around|512:512&crop=512:512;*,*&output-format=jpg&output-quality=80"
앨리스,3.7,14219,28,559,서울특별시 강남구 도산대로55길 47<br><br> 지번 서울시 강남구 청담동 84-20,02-511-8420,"https://mp-seoul-image-production-s3.mangoplate.com/550856_1534691851920501.jpg?fit=around|512:512&crop=512:512;*,*&output-format=jpg&output-quality=80"
르캬바레도산,3.7,18229,14,567,서울특별시 강남구 도산대로 216 청담에이든호텔 18F<br><br> 지번 서울시 강남구 논현동 60-8 청담에이든호텔 18F,02-6713-6730,"https://mp-seoul-image-production-s3.mangoplate.com/596640_1561011424158251.jpg?fit=around|512:512&crop=512:512;*,*&output-format=jpg&output-quality=80"
와인웍스,3.7,12980,11,143,서울특별시 강남구 테헤란로 517 현대백화점무역센터점<br><br> 지번 서울시 강남구 삼성동 159-7 현대백화점무역센터점,02-3467-6065,"https://mp-seoul-image-production-s3.mangoplate.com/450387/172778_1628320637418_107862?fit=around|512:512&crop=512:512;*,*&output-format=jpg&output-quality=80"
어글리,3.7,28289,16,728,서울특별시 강남구 강남대로96길 5 5F<br><br> 지번 서울시 강남구 역삼동 816-4 5F,02-501-4222,"https://mp-seoul-image-production-s3.mangoplate.com/358081/2314302_1666464954259_1000000216?fit=around|512:512&crop=512:512;*,*&output-format=jpg&output-quality=80"
메리가든,3.7,7901,8,100,서울특별시 강남구 봉은사로 113 호텔 더 디자이너스 리즈<br><br> 지번 서울시 강남구 논현동 201-11 호텔 더 디자이너스 리즈,02-517-9702,"https://mp-seoul-image-production-s3.mangoplate.com/618033_1509761540588583.jpg?fit=around|512:512&crop=512:512;*,*&output-format=jpg&output-quality=80"
마녀주방,3.5,52893,86,1092,서울특별시 강남구 강남대로94길 9<br><br> 지번 서울시 강남구 역삼동 818-14,070-4240-1116,"https://mp-seoul-image-production-s3.mangoplate.com/188568/reviews/a419511b045f.jpg?fit=around|512:512&crop=512:512;*,*&output-format=jpg&output-quality=80"
파복스,3.5,58485,39,1568,서울특별시 강남구 테헤란로1길 26<br><br> 지번 서울시 강남구 역삼동 817-10,02-3452-3489,"https://mp-seoul-image-production-s3.mangoplate.com/664/242283_1443539004791839583?fit=around|512:512&crop=512:512;*,*&output-format=jpg&output-quality=80"
플랫나인,3.5,7144,16,128,서울특별시 서초구 강남대로65길 10 5F<br><br> 지번 서울시 서초구 서초동 1308-15 5F,02-532-9630,"https://mp-seoul-image-production-s3.mangoplate.com/429590/1575751_1670541219448_49218?fit=around|512:512&crop=512:512;*,*&output-format=jpg&output-quality=80"
데노체,3.5,4858,7,74,서울특별시 강남구 압구정로2길 46 1F<br><br> 지번 서울시 강남구 신사동 510-11 1F,02-545-4005,"https://mp-seoul-image-production-s3.mangoplate.com/359571/1575751_1673802638145_50273?fit=around|512:512&crop=512:512;*,*&output-format=jpg&output-quality=80"
오늘와인한잔,3.5,5732,7,46,서울특별시 강남구 강남대로96길 11-4 B1<br><br> 지번 서울시 강남구 역삼동 817-16 B1,02-555-0535,"https://mp-seoul-image-production-s3.mangoplate.com/1959785_1674835780253594.jpg?fit=around|512:512&crop=512:512;*,*&output-format=jpg&output-quality=80"
컬렉션라운지,3.4,19308,38,453,서울특별시 강남구 압구정로10길 33<br><br> 지번 서울시 강남구 신사동 534,070-4229-0050,"https://mp-seoul-image-production-s3.mangoplate.com/added_restaurants/61216_1460534103322133.jpg?fit=around|512:512&crop=512:512;*,*&output-format=jpg&output-quality=80"
아브라소812,3.4,10416,14,241,서울특별시 강남구 봉은사로4길 29 B1<br><br> 지번 서울시 강남구 역삼동 812 B1,070-8810-0812,"https://mp-seoul-image-production-s3.mangoplate.com/16638_1422636895934?fit=around|512:512&crop=512:512;*,*&output-format=jpg&output-quality=80"
와인코르크,3.4,28662,21,625,서울특별시 강남구 테헤란로1길 28-9<br><br> 지번 서울시 강남구 역삼동 817-30,02-501-6335,"https://mp-seoul-image-production-s3.mangoplate.com/added_restaurants/365650_145541309019546.jpg?fit=around|512:512&crop=512:512;*,*&output-format=jpg&output-quality=80"
월매네주막,3.4,13604,14,122,서울특별시 서초구 강남대로 437 1F<br><br> 지번 서울시 서초구 서초동 1305-3 1F,02-537-6684,"https://mp-seoul-image-production-s3.mangoplate.com/77183/reviews/a3b46561d3a9.jpg?fit=around|512:512&crop=512:512;*,*&output-format=jpg&output-quality=80"
고센,3.3,21485,74,356,서울특별시 강남구 선릉로158길 18<br><br> 지번 서울시 강남구 청담동 88-23,02-515-1863,"https://mp-seoul-image-production-s3.mangoplate.com/1121/2.jpg?fit=around|512:512&crop=512:512;*,*&output-format=jpg&output-quality=80"
엘세뇨르둘세,3.2,6795,14,191,서울특별시 강남구 도산대로101길 22<br><br> 지번 서울시 강남구 청담동 128-6,02-516-6157,"https://mp-seoul-image-production-s3.mangoplate.com/added_restaurants/247128_145549738078784.jpg?fit=around|512:512&crop=512:512;*,*&output-format=jpg&output-quality=80"
카페슬로우,3.2,46422,52,933,서울특별시 서초구 서초대로77길 35 1F<br><br> 지번 서울시 서초구 서초동 1308-12 1F,02-3482-0111,"https://mp-seoul-image-production-s3.mangoplate.com/13557/47750_1420045487967?fit=around|512:512&crop=512:512;*,*&output-format=jpg&output-quality=80"
아실라,3.1,27000,19,588,서울특별시 강남구 강남대로98길 16 파빌리온빌딩 B1<br><br> 지번 서울시 강남구 역삼동 817-35 파빌리온빌딩 B1,02-508-4665,"https://mp-seoul-image-production-s3.mangoplate.com/50829/470644_1477477944073_69319?fit=around|512:512&crop=512:512;*,*&output-format=jpg&output-quality=80"
화이트바,0,14349,13,347,서울특별시 강남구 압구정로80길 30 삼도빌딩 B1<br><br> 지번 서울시 강남구 청담동 93-14 삼도빌딩 B1,02-6207-7429,"https://mp-seoul-image-production-s3.mangoplate.com/added_restaurants/1427_1482949976701912.jpg?fit=around|512:512&crop=512:512;*,*&output-format=jpg&output-quality=80"
더라이온스덴,0,22355,14,396,서울특별시 강남구 선릉로158길 7<br><br> 지번 서울시 강남구 청담동 84-11,02-512-1136,"https://mp-seoul-image-production-s3.mangoplate.com/190219/449685_1591152143616_1591151886395.jpg?fit=around|512:512&crop=512:512;*,*&output-format=jpg&output-quality=80"
문온더씨,0,3940,11,73,서울특별시 강남구 삼성로82길 19 B1<br><br> 지번 서울시 강남구 대치동 956-28 B1,02-501-0111,"https://mp-seoul-image-production-s3.mangoplate.com/670644_1624616370998207.jpg?fit=around|512:512&crop=512:512;*,*&output-format=jpg&output-quality=80"
바 밀라,0,3182,3,79,서울특별시 강남구 삼성로149길 13 2F<br><br> 지번 서울시 강남구 청담동 12-12 2F,02-544-4761,"https://mp-seoul-image-production-s3.mangoplate.com/2337483_1665705676149857.jpg?fit=around|512:512&crop=512:512;*,*&output-format=jpg&output-quality=80"
볼트82,0,71731,23,2117,서울특별시 강남구 압구정로72길 22<br><br> 지번 서울시 강남구 청담동 95-15,02-544-9234,"https://mp-seoul-image-production-s3.mangoplate.com/196606/449685_1600726338468_8403?fit=around|512:512&crop=512:512;*,*&output-format=jpg&output-quality=80"
호사,0,3300,12,67,서울특별시 강남구 선릉로148길 39<br><br> 지번 서울시 강남구 청담동 3-15,02-545-9259,"https://mp-seoul-image-production-s3.mangoplate.com/1476505_1649054752789882.jpg?fit=around|512:512&crop=512:512;*,*&output-format=jpg&output-quality=80"
페타테,0,22773,9,628,서울특별시 강남구 압구정로14길 32 2F<br><br> 지번 서울시 강남구 신사동 546-20 2F,02-516-3342,"https://mp-seoul-image-production-s3.mangoplate.com/added_restaurants/1427_1447891039211.jpg?fit=around|512:512&crop=512:512;*,*&output-format=jpg&output-quality=80"
크르크르,0,1624,5,60,서울특별시 강남구 압구정로42길 25-10 5F<br><br> 지번 서울시 강남구 신사동 643-20 5F,070-7738-3249,"https://mp-seoul-image-production-s3.mangoplate.com/460882/172778_1650609335030_145275?fit=around|512:512&crop=512:512;*,*&output-format=jpg&output-quality=80"
사이드웨이,0,48874,30,812,서울특별시 강남구 강남대로98길 28<br><br> 지번 서울시 강남구 역삼동 817-38,02-555-9925,"https://mp-seoul-image-production-s3.mangoplate.com/1261/70608_1429088775031199791997219971199781997419973199751997619977?fit=around|512:512&crop=512:512;*,*&output-format=jpg&output-quality=80"
화빙장,0,7909,4,248,서울특별시 강남구 압구정로50길 8<br><br> 지번 서울시 강남구 신사동 660-10,02-540-2999,"https://mp-seoul-image-production-s3.mangoplate.com/447128/752493_1637681648958_48359?fit=around|512:512&crop=512:512;*,*&output-format=jpg&output-quality=80"
루프탑바,0,11572,11,176,서울특별시 강남구 봉은사로 155 호텔 카푸치노 17F<br><br> 지번 서울시 강남구 논현동 206-1 호텔 카푸치노 17F,02-2038-9618,"https://mp-seoul-image-production-s3.mangoplate.com/added_restaurants/63176_1451209269575.jpg?fit=around|512:512&crop=512:512;*,*&output-format=jpg&output-quality=80"
노마드,0,6396,8,114,서울특별시 강남구 도산대로101길 28<br><br> 지번 서울시 강남구 청담동 128-3,02-511-1283,"https://mp-seoul-image-production-s3.mangoplate.com/190193/37747_143705250768722466?fit=around|512:512&crop=512:512;*,*&output-format=jpg&output-quality=80"
레솔베르,0,3263,2,27,서울특별시 강남구 도산대로57길 13-4 2F<br><br> 지번 서울시 강남구 청담동 88-29 2F,010-2969-9154,"https://mp-seoul-image-production-s3.mangoplate.com/503366_1619454531208955.jpg?fit=around|512:512&crop=512:512;*,*&output-format=jpg&output-quality=80"
삼성리,0,10703,5,129,서울특별시 강남구 봉은사로86길 28<br><br> 지번 서울시 강남구 삼성동 148-10,02-6401-0200,"https://mp-seoul-image-production-s3.mangoplate.com/2177554_1644320176585992.jpg?fit=around|512:512&crop=512:512;*,*&output-format=jpg&output-quality=80"
타로맨스,0,4850,7,70,서울특별시 강남구 도곡로11길 10<br><br> 지번 서울시 강남구 역삼동 835-33,010-4983-9410,"https://mp-seoul-image-production-s3.mangoplate.com/380621/1656652_1677935612380_1000022828?fit=around|512:512&crop=512:512;*,*&output-format=jpg&output-quality=80"
모드라운지,0,1816,35,31,서울특별시 서초구 서초대로77길 37 월드상가 10F<br><br> 지번 서울시 서초구 서초동 1308-10 월드상가 10F,0507-1365-8923,"https://mp-seoul-image-production-s3.mangoplate.com/2194081_1646029506629166.jpg?fit=around|512:512&crop=512:512;*,*&output-format=jpg&output-quality=80"
청담대패당,0,5648,5,105,서울특별시 강남구 도산대로 420 청담스퀘어 타워빌딩 320호<br><br> 지번 서울시 강남구 청담동 3 청담스퀘어 타워빌딩 320호,02-6480-8989,"https://mp-seoul-image-production-s3.mangoplate.com/27066_1677421418306829.jpg?fit=around|512:512&crop=512:512;*,*&output-format=jpg&output-quality=80"
서울러,0,6373,8,130,서울특별시 강남구 강남대로152길 69 B1<br><br> 지번 서울시 강남구 신사동 540-18 B1,010-9929-6199,"https://mp-seoul-image-production-s3.mangoplate.com/1937806_1667214863527164.jpg?fit=around|512:512&crop=512:512;*,*&output-format=jpg&output-quality=80"
바인하우스,0,3887,5,49,서울특별시 강남구 도산대로89길 13 B1<br><br> 지번 서울시 강남구 청담동 123-53 B1,070-4231-6616,"https://mp-seoul-image-production-s3.mangoplate.com/73048/2221540_1670235701536_1000003314?fit=around|512:512&crop=512:512;*,*&output-format=jpg&output-quality=80"
오르빗,0,857,3,38,서울특별시 강남구 선릉로157길 13 B1<br><br> 지번 서울시 강남구 신사동 657-36 B1,02-548-3828,"https://mp-seoul-image-production-s3.mangoplate.com/1789241_1665386166046364.jpg?fit=around|512:512&crop=512:512;*,*&output-format=jpg&output-quality=80"
루베크,0,13675,10,169,서울특별시 서초구 서초대로73길 50 대원빌딩 4F<br><br> 지번 서울시 서초구 서초동 1309-5 대원빌딩 4F,02-594-1016,"https://mp-seoul-image-production-s3.mangoplate.com/901972_1512208612606718.jpg?fit=around|512:512&crop=512:512;*,*&output-format=jpg&output-quality=80"
압구정의 하루일과,0,3547,5,55,서울특별시 강남구 압구정로29길 71 현대상가 2동 1F<br><br> 지번 서울시 강남구 압구정동 369-1 현대상가 2동 1F,02-547-6611,"https://mp-seoul-image-production-s3.mangoplate.com/1476505_1643032564024667.jpg?fit=around|512:512&crop=512:512;*,*&output-format=jpg&output-quality=80"
더미트,0,9370,16,74,서울특별시 강남구 봉은사로2길 19<br><br> 지번 서울시 강남구 역삼동 810-4,02-557-1122,"https://mp-seoul-image-production-s3.mangoplate.com/188418_1426855358103?fit=around|512:512&crop=512:512;*,*&output-format=jpg&output-quality=80"
헬로우,0,47501,22,1516,서울특별시 강남구 논현로151길 55 호경빌딩 B1<br><br> 지번 서울시 강남구 신사동 541-2 호경빌딩 B1,02-541-4427,"https://mp-seoul-image-production-s3.mangoplate.com/48/reviews/32222594d199.jpg?fit=around|512:512&crop=512:512;*,*&output-format=jpg&output-quality=80"
콜마인,0,646,0,12,서울특별시 강남구 압구정로50길 5-12 B1<br><br> 지번 서울시 강남구 신사동 661-10 B1,070-8623-9779,"https://mp-seoul-image-production-s3.mangoplate.com/2199903_1646640011208857.jpg?fit=around|512:512&crop=512:512;*,*&output-format=jpg&output-quality=80"
멜랑즈,0,7022,5,268,서울특별시 강남구 도산대로50길 16 2F<br><br> 지번 서울시 강남구 논현동 96-11 2F,02-512-5980,"https://mp-seoul-image-production-s3.mangoplate.com/641043_1613123471124129.jpg?fit=around|512:512&crop=512:512;*,*&output-format=jpg&output-quality=80"
게스후,0,7115,4,92,서울특별시 강남구 논현로 819 MK빌딩 B1<br><br> 지번 서울시 강남구 신사동 586 MK빌딩 B1,02-547-9063,"https://mp-seoul-image-production-s3.mangoplate.com/93136/453121_1451650088162_311318?fit=around|512:512&crop=512:512;*,*&output-format=jpg&output-quality=80"
판치야,0,2741,1,19,서울특별시 강남구 학동로53길 29 대림빌딩<br><br> 지번 서울시 강남구 논현동 109-26 대림빌딩,010-4349-3323,"https://mp-seoul-image-production-s3.mangoplate.com/365910/743008_1607175905516_35430?fit=around|512:512&crop=512:512;*,*&output-format=jpg&output-quality=80"
영화와인셀러,0,2826,2,12,서울특별시 강남구 언주로93길 32-6<br><br> 지번 서울시 강남구 역삼동 672-33,02-553-7233,"https://mp-seoul-image-production-s3.mangoplate.com/1476505_1657600563757061.jpg?fit=around|512:512&crop=512:512;*,*&output-format=jpg&output-quality=80"
제이앤제이슨,0,22787,9,221,서울특별시 강남구 도산대로49길 31 B1<br><br> 지번 서울시 강남구 신사동 647-14 B1,010-7430-7053,"https://mp-seoul-image-production-s3.mangoplate.com/321182/op-j7pg50d0ume.jpg?fit=around|512:512&crop=512:512;*,*&output-format=jpg&output-quality=80"
펄쉘프리미에,0,5054,4,169,서울특별시 강남구 압구정로42길 49 B1<br><br> 지번 서울시 강남구 신사동 645-28 B1,02-3446-0916,"https://mp-seoul-image-production-s3.mangoplate.com/338150_1669556612105178.jpg?fit=around|512:512&crop=512:512;*,*&output-format=jpg&output-quality=80"
크레이지와인바,0,5147,2,41,서울특별시 강남구 도산대로51길 41 2F<br><br> 지번 서울시 강남구 신사동 657-21 2F,02-516-9994,"https://mp-seoul-image-production-s3.mangoplate.com/added_restaurants/718886_1487202498449126.jpg?fit=around|512:512&crop=512:512;*,*&output-format=jpg&output-quality=80"
믹솔로지,0,5431,10,145,서울특별시 강남구 도산대로58길 18 B1<br><br> 지번 서울시 강남구 청담동 22-14 B1,02-511-8214,"https://mp-seoul-image-production-s3.mangoplate.com/added_restaurants/565774_1465303532216143.jpg?fit=around|512:512&crop=512:512;*,*&output-format=jpg&output-quality=80"
누앙스미묘한차이,0,4534,9,103,서울특별시 강남구 압구정로72길 7<br><br> 지번 서울시 강남구 청담동 99-1,02-514-8077,"https://mp-seoul-image-production-s3.mangoplate.com/955529_1519563769228984.jpg?fit=around|512:512&crop=512:512;*,*&output-format=jpg&output-quality=80"
피플더테라스,0,7779,8,92,서울특별시 강남구 도산대로81길 13<br><br> 지번 서울시 강남구 청담동 118-19,02-511-8113,"https://mp-seoul-image-production-s3.mangoplate.com/423223/1901665_1620203798346_26841?fit=around|512:512&crop=512:512;*,*&output-format=jpg&output-quality=80"
디태치먼트,0,5720,4,119,서울특별시 강남구 논현로151길 18<br><br> 지번 서울시 강남구 신사동 562-13,02-511-8782,"https://mp-seoul-image-production-s3.mangoplate.com/619788_1604712285263706.jpg?fit=around|512:512&crop=512:512;*,*&output-format=jpg&output-quality=80"
데일리 청담,0,2555,4,34,서울특별시 강남구 선릉로152길 21 영인빌딩<br><br> 지번 서울시 강남구 청담동 89-6 영인빌딩,0507-1331-8648,"https://mp-seoul-image-production-s3.mangoplate.com/2454903_1671512718940094.jpg?fit=around|512:512&crop=512:512;*,*&output-format=jpg&output-quality=80"
엠바고,0,754,2,19,서울특별시 강남구 선릉로146길 27-3 1F<br><br> 지번 서울시 강남구 청담동 21-14 1F,0507-1486-8026,"https://mp-seoul-image-production-s3.mangoplate.com/456875/1013171_1659410781761_42366?fit=around|512:512&crop=512:512;*,*&output-format=jpg&output-quality=80"
비랩,0,9405,8,37,서울특별시 강남구 강남대로98길 10 2F<br><br> 지번 서울시 강남구 역삼동 817-1 2F,010-2780-1245,"https://mp-seoul-image-production-s3.mangoplate.com/added_restaurants/52193_1488028817766385.jpg?fit=around|512:512&crop=512:512;*,*&output-format=jpg&output-quality=80"
일곱잔,0,1939,5,33,서울특별시 강남구 도산대로11길 5 2F 202호<br><br> 지번 서울시 강남구 신사동 514-9 2F 202호,0507-1326-8158,"https://mp-seoul-image-production-s3.mangoplate.com/879146_1654484309487005.jpg?fit=around|512:512&crop=512:512;*,*&output-format=jpg&output-quality=80"
하우스오브알케미,0,7199,6,155,서울특별시 강남구 압구정로 102 라까사호텔<br><br> 지번 서울시 강남구 신사동 527-4 라까사호텔,02-6190-0909,"https://mp-seoul-image-production-s3.mangoplate.com/540600_1505058690004764.jpg?fit=around|512:512&crop=512:512;*,*&output-format=jpg&output-quality=80"
그늘,0,147,5,5,서울특별시 강남구 도산대로66길 13<br><br> 지번 서울시 강남구 청담동 18-23,02-540-1318,"https://mp-seoul-image-production-s3.mangoplate.com/2441259_1669773721275607.jpg?fit=around|512:512&crop=512:512;*,*&output-format=jpg&output-quality=80"
셜록,0,4883,8,118,서울특별시 강남구 도산대로83길 17 B1<br><br> 지번 서울시 강남구 청담동 117-38 B1,070-8885-0221,"https://mp-seoul-image-production-s3.mangoplate.com/185879/83_1420012135239?fit=around|512:512&crop=512:512;*,*&output-format=jpg&output-quality=80"
비비노 알트로몬도,0,532,3,12,서울특별시 강남구 도산대로17길 39 예지빌딩 B1<br><br> 지번 서울시 강남구 신사동 544-26 예지빌딩 B1,0507-1375-3606,"https://mp-seoul-image-production-s3.mangoplate.com/468168/181795_1672147255483_1000004173?fit=around|512:512&crop=512:512;*,*&output-format=jpg&output-quality=80"
로비라운지바,0,3046,5,25,서울특별시 강남구 봉은사로 524 코엑스인터콘티넨탈서울 1F<br><br> 지번 서울시 강남구 삼성동 159 코엑스인터콘티넨탈서울 1F,02-3430-8603,"https://mp-seoul-image-production-s3.mangoplate.com/586336_1644892565936361.jpg?fit=around|512:512&crop=512:512;*,*&output-format=jpg&output-quality=80"
더더치치즈앤모어,0,1596,3,22,서울특별시 강남구 선릉로 660<br><br> 지번 서울시 강남구 삼성동 8-2,000-0000-0000,"https://mp-seoul-image-production-s3.mangoplate.com/688671_1675253054086893.jpg?fit=around|512:512&crop=512:512;*,*&output-format=jpg&output-quality=80"
키퍼스,0,5299,2,122,서울특별시 강남구 선릉로152길 18 B1<br><br> 지번 서울시 강남구 청담동 87-9 B1,02-549-9992,"https://mp-seoul-image-production-s3.mangoplate.com/1427_1500409319081144.jpg?fit=around|512:512&crop=512:512;*,*&output-format=jpg&output-quality=80"
레 부르주아,0,2574,2,53,서울특별시 강남구 강남대로152길 46 2F<br><br> 지번 서울시 강남구 신사동 537-4 2F,02-6085-5695,"https://mp-seoul-image-production-s3.mangoplate.com/431478/1888415_1650254398381_5490?fit=around|512:512&crop=512:512;*,*&output-format=jpg&output-quality=80"
오늘와인한잔,0,4570,7,39,서울특별시 강남구 강남대로156길 40<br><br> 지번 서울시 강남구 신사동 516-10,070-4098-7006,"https://mp-seoul-image-production-s3.mangoplate.com/26135_1596292644813061.jpg?fit=around|512:512&crop=512:512;*,*&output-format=jpg&output-quality=80"
와인북카페,0,12798,9,240,서울특별시 강남구 논현로149길 5<br><br> 지번 서울시 강남구 논현동 8-9,02-549-0490,"https://mp-seoul-image-production-s3.mangoplate.com/764_1428362284004?fit=around|512:512&crop=512:512;*,*&output-format=jpg&output-quality=80"
머스크,0,2598,5,77,서울특별시 강남구 언주로152길 14 로데오빌딩<br><br> 지번 서울시 강남구 신사동 630-21 로데오빌딩,02-543-6321,"https://mp-seoul-image-production-s3.mangoplate.com/840737_1671433641009367.jpg?fit=around|512:512&crop=512:512;*,*&output-format=jpg&output-quality=80"
하이퍼서울,0,4731,2,66,서울특별시 강남구 강남대로96길 15 B1<br><br> 지번 서울시 강남구 역삼동 817-18 B1,010-9891-9615,"https://mp-seoul-image-production-s3.mangoplate.com/427007/532309_1617375313250_103354?fit=around|512:512&crop=512:512;*,*&output-format=jpg&output-quality=80"
코미디클럽,0,2102,1,5,서울특별시 강남구 도산대로 507 B1<br><br> 지번 서울시 강남구 청담동 120-3 B1,02-543-1123,"https://mp-seoul-image-production-s3.mangoplate.com/357329/1123244_1535093196404_5912?fit=around|512:512&crop=512:512;*,*&output-format=jpg&output-quality=80"
공베르,0,1793,3,40,서울특별시 강남구 압구정로50길 28 113호<br><br> 지번 서울시 강남구 신사동 658 113호,02-517-0872,"https://mp-seoul-image-production-s3.mangoplate.com/522207_1635610663246230.jpg?fit=around|512:512&crop=512:512;*,*&output-format=jpg&output-quality=80"
패리스비치,0,4276,3,85,서울특별시 강남구 압구정로42길 36<br><br> 지번 서울시 강남구 신사동 635-14,02-3444-1905,"https://mp-seoul-image-production-s3.mangoplate.com/112634_1601901329705787.jpg?fit=around|512:512&crop=512:512;*,*&output-format=jpg&output-quality=80"
시카고갤러리라운지,0,6791,1,12,서울특별시 강남구 도산대로 205<br><br> 지번 서울시 강남구 신사동 587-1,1566-1263,"https://mp-seoul-image-production-s3.mangoplate.com/408438/1532365_1576487804888_9408?fit=around|512:512&crop=512:512;*,*&output-format=jpg&output-quality=80"
곰방대 (휴업중),0,3875,4,20,서울특별시 강남구 학동로6길 53 B1<br><br> 지번 서울시 강남구 논현동 158-35 B1,010-2862-1991,"https://mp-seoul-image-production-s3.mangoplate.com/sources/web/restaurants/410105/1678444_1589095278960?fit=around|512:512&crop=512:512;*,*&output-format=jpg&output-quality=80"
휴일,0,2798,4,62,서울특별시 강남구 역삼로3길 20-4 영광빌딩 B1<br><br> 지번 서울시 강남구 역삼동 830-9 영광빌딩 B1,02-568-9901,"https://mp-seoul-image-production-s3.mangoplate.com/705256_1640261420065496.jpg?fit=around|512:512&crop=512:512;*,*&output-format=jpg&output-quality=80"
청담니은,0,2540,4,42,서울특별시 강남구 도산대로70길 9 B<br><br> 지번 서울시 강남구 청담동 13 B,010-2786-5948,"https://mp-seoul-image-production-s3.mangoplate.com/1047892_1652398023280828.jpg?fit=around|512:512&crop=512:512;*,*&output-format=jpg&output-quality=80"
한량블루스,0,1352,3,11,서울특별시 서초구 서초대로75길 45 3F<br><br> 지번 서울시 서초구 서초동 1308-2 3F,02-533-5759,"https://mp-seoul-image-production-s3.mangoplate.com/32408_1663731662494916.jpg?fit=around|512:512&crop=512:512;*,*&output-format=jpg&output-quality=80"
로얄라운지,0,3919,2,24,서울특별시 강남구 논현로 709<br><br> 지번 서울시 강남구 논현동 36-8,02-514-1247,"https://mp-seoul-image-production-s3.mangoplate.com/281123_1579592009244933.jpg?fit=around|512:512&crop=512:512;*,*&output-format=jpg&output-quality=80"
So What,0,3478,2,58,서울특별시 강남구 도산대로17길 22<br><br> 지번 서울시 강남구 신사동 560-6,010-7343-0212,"https://mp-seoul-image-production-s3.mangoplate.com/379609/449685_1554892071154_12092?fit=around|512:512&crop=512:512;*,*&output-format=jpg&output-quality=80"
낰낰,0,1007,2,19,서울특별시 강남구 학동로11길 20-7 B2<br><br> 지번 서울시 강남구 논현동 41-13 B2,0507-1429-9087,"https://mp-seoul-image-production-s3.mangoplate.com/344868_1635924156327998.jpg?fit=around|512:512&crop=512:512;*,*&output-format=jpg&output-quality=80"
와인바 컨티뉴엄,0,965,1,18,서울특별시 강남구 테헤란로 231 EAST E205호<br><br> 지번 서울시 강남구 역삼동 676 EAST E205호,010-8296-7214,"https://mp-seoul-image-production-s3.mangoplate.com/475149/172778_1654493807126_140856?fit=around|512:512&crop=512:512;*,*&output-format=jpg&output-quality=80"
보바베어,0,14809,10,92,서울특별시 강남구 압구정로12길 13 2F<br><br> 지번 서울시 강남구 신사동 547-2 2F,02-3445-8585,"https://mp-seoul-image-production-s3.mangoplate.com/1663293_1655400246164489.jpg?fit=around|512:512&crop=512:512;*,*&output-format=jpg&output-quality=80"
개츠비 바이리,0,4479,3,107,서울특별시 강남구 도산대로55길 37 B1<br><br> 지번 서울시 강남구 청담동 84-14 B1,02-511-2606,"https://mp-seoul-image-production-s3.mangoplate.com/814662_1515121609109601.jpg?fit=around|512:512&crop=512:512;*,*&output-format=jpg&output-quality=80"
샴,0,7522,3,124,서울특별시 강남구 압구정로46길 5-6<br><br> 지번 서울시 강남구 신사동 660-17,070-4125-6413,"https://mp-seoul-image-production-s3.mangoplate.com/49585/218307_1461946872844_52113?fit=around|512:512&crop=512:512;*,*&output-format=jpg&output-quality=80"
제너릭,0,794,4,26,서울특별시 강남구 삼성로 730 5F<br><br> 지번 서울시 강남구 청담동 63-12 5F,0507-1369-2382,"https://mp-seoul-image-production-s3.mangoplate.com/112634_1655197983204073.jpg?fit=around|512:512&crop=512:512;*,*&output-format=jpg&output-quality=80"
뱀파이어 위켄드 와인바,0,2809,2,22,서울특별시 강남구 삼성로140길 6 라파빌딩 B1<br><br> 지번 서울시 강남구 청담동 63-11 라파빌딩 B1,02-516-5571,"https://mp-seoul-image-production-s3.mangoplate.com/426996/1575751_1645714756558_37100?fit=around|512:512&crop=512:512;*,*&output-format=jpg&output-quality=80"
레브,0,400,2,8,서울특별시 강남구 언주로172길 54 1F<br><br> 지번 서울시 강남구 신사동 663 1F,070-4120-5500,"https://mp-seoul-image-production-s3.mangoplate.com/137616_1663332652262763.jpg?fit=around|512:512&crop=512:512;*,*&output-format=jpg&output-quality=80"
애니오케이션 베이스먼트,0,301,1,17,서울특별시 강남구 도산대로51길 14 B2<br><br> 지번 서울시 강남구 신사동 654-12 B2,0507-1430-1471,"https://mp-seoul-image-production-s3.mangoplate.com/498094/26737_1668845325474_1000002801?fit=around|512:512&crop=512:512;*,*&output-format=jpg&output-quality=80"
B28,0,5050,15,199,서울특별시 강남구 도산대로55길 24 B1<br><br> 지번 서울시 강남구 청담동 88-2 B1,010-3402-2828,"https://mp-seoul-image-production-s3.mangoplate.com/1427_1512528994325380.jpg?fit=around|512:512&crop=512:512;*,*&output-format=jpg&output-quality=80"
비노쿠스테이블,0,1855,2,96,서울특별시 강남구 학동로44길 26<br><br> 지번 서울시 강남구 논현동 247-7,070-8807-2477,"https://mp-seoul-image-production-s3.mangoplate.com/454164/1134354_1633337358039_4819?fit=around|512:512&crop=512:512;*,*&output-format=jpg&output-quality=80"
쿨쉽다이닝,0,870,2,51,서울특별시 강남구 도산대로25길 43 2F<br><br> 지번 서울시 강남구 신사동 553-25 2F,010-4695-5425,"https://mp-seoul-image-production-s3.mangoplate.com/2251569_1669687008698765.jpg?fit=around|512:512&crop=512:512;*,*&output-format=jpg&output-quality=80"
제이앤엘클래식바,0,5176,1,46,서울특별시 강남구 도산대로45길 14<br><br> 지번 서울시 강남구 신사동 650-16,02-545-0890,"https://mp-seoul-image-production-s3.mangoplate.com/jxsjgguhqf3o4v.jpg?fit=around|512:512&crop=512:512;*,*&output-format=jpg&output-quality=80"
싸우나 뮤직바,0,2056,1,6,서울특별시 강남구 도산대로87길 11<br><br> 지번 서울시 강남구 청담동 122-30,02-3448-8897,"https://mp-seoul-image-production-s3.mangoplate.com/1476505_1656471478402394.jpg?fit=around|512:512&crop=512:512;*,*&output-format=jpg&output-quality=80"
뉴욕바,0,512,1,1,서울특별시 강남구 강남대로84길 24-4 B1<br><br> 지번 서울시 강남구 역삼동 827-3 B1,0507-1368-8516,"https://mp-seoul-image-production-s3.mangoplate.com/485177/2231777_1658582459276_20108?fit=around|512:512&crop=512:512;*,*&output-format=jpg&output-quality=80"
프레임 FRAME,0,377,1,24,서울특별시 강남구 도산대로11길 32 2F<br><br> 지번 서울시 강남구 신사동 535-8 2F,02-499-9731,"https://mp-seoul-image-production-s3.mangoplate.com/576573_1657778486434255.jpg?fit=around|512:512&crop=512:512;*,*&output-format=jpg&output-quality=80"
와인주막차차,0,9070,6,127,서울특별시 강남구 논현로94길 25-5 화가빌딩 2F<br><br> 지번 서울시 강남구 역삼동 670-17 화가빌딩 2F,02-554-0722,"https://mp-seoul-image-production-s3.mangoplate.com/13474_1497529987169748.jpg?fit=around|512:512&crop=512:512;*,*&output-format=jpg&output-quality=80"
노퍼블릭 하우스,0,2306,3,19,서울특별시 강남구 논현로159길 65 3F<br><br> 지번 서울시 강남구 신사동 545-1 3F,02-540-3714,"https://mp-seoul-image-production-s3.mangoplate.com/343979_1630143841708580.jpg?fit=around|512:512&crop=512:512;*,*&output-format=jpg&output-quality=80"
베리블라썸,0,2390,2,15,서울특별시 강남구 선릉로148길 21 1F<br><br> 지번 서울시 강남구 청담동 2-18 1F,02-3443-8855,"https://mp-seoul-image-production-s3.mangoplate.com/870195_1616949411622881.jpg?fit=around|512:512&crop=512:512;*,*&output-format=jpg&output-quality=80"
이더웨이,0,1058,2,11,서울특별시 강남구 강남대로124길 3-6 호은빌딩 2F<br><br> 지번 서울시 강남구 논현동 143-16 호은빌딩 2F,02-6952-0899,"https://mp-seoul-image-production-s3.mangoplate.com/1869921_1610958838923462.jpg?fit=around|512:512&crop=512:512;*,*&output-format=jpg&output-quality=80"
육다시구,0,512,2,17,서울특별시 강남구 논현로149길 40<br><br> 지번 서울시 강남구 논현동 6-9,02-6080-4069,"https://mp-seoul-image-production-s3.mangoplate.com/457008/2169057_1643386420920_46632?fit=around|512:512&crop=512:512;*,*&output-format=jpg&output-quality=80"
라이트룸,0,123,1,2,서울특별시 강남구 선릉로157길 20-5 신사빌딩 B1<br><br> 지번 서울시 강남구 신사동 663-7 신사빌딩 B1,0507-1353-8414,"https://mp-seoul-image-production-s3.mangoplate.com/842440_1665579635098396.jpg?fit=around|512:512&crop=512:512;*,*&output-format=jpg&output-quality=80"
스몰치즈박스,0,65,1,0,서울특별시 강남구 논현로159길 25 102호<br><br> 지번 서울시 강남구 신사동 566-6 102호,0507-1326-6514,"https://mp-seoul-image-production-s3.mangoplate.com/1824671_1675011190693559.jpg?fit=around|512:512&crop=512:512;*,*&output-format=jpg&output-quality=80"
원가바,0,12344,8,125,서울특별시 강남구 강남대로94길 23 3F<br><br> 지번 서울시 강남구 역삼동 818-7 3F,02-557-3226,"https://mp-seoul-image-production-s3.mangoplate.com/285237/1042666_1542518583531_4307?fit=around|512:512&crop=512:512;*,*&output-format=jpg&output-quality=80"
세이버리,0,7664,5,41,서울특별시 강남구 테헤란로19길 21<br><br> 지번 서울시 강남구 역삼동 637-29,070-4115-8668,"https://mp-seoul-image-production-s3.mangoplate.com/279992/75i-wqoseycav9.jpg?fit=around|512:512&crop=512:512;*,*&output-format=jpg&output-quality=80"
그레이트후카바,0,8250,4,53,서울특별시 서초구 서초대로77길 37 서초동월드 401호<br><br> 지번 서울시 서초구 서초동 1308-10 서초동월드 401호,02-6247-0808,"https://mp-seoul-image-production-s3.mangoplate.com/378416/172778_1616024411049_95010?fit=around|512:512&crop=512:512;*,*&output-format=jpg&output-quality=80"
서울살롱,0,4808,4,73,서울특별시 강남구 언주로164길 41 B1<br><br> 지번 서울시 강남구 신사동 646-22 B1,010-9120-6706,"https://mp-seoul-image-production-s3.mangoplate.com/1026054_1630406123434035.jpg?fit=around|512:512&crop=512:512;*,*&output-format=jpg&output-quality=80"
오늘와인한잔,0,1804,4,9,서울특별시 강남구 봉은사로1길 33 논현빌딩 1F<br><br> 지번 서울시 강남구 논현동 165-13 논현빌딩 1F,02-540-5156,"https://mp-seoul-image-production-s3.mangoplate.com/417066/1575751_1623774050931_23328?fit=around|512:512&crop=512:512;*,*&output-format=jpg&output-quality=80"
미스터사이몬,0,2158,4,22,서울특별시 강남구 선릉로155길 13-1 1F<br><br> 지번 서울시 강남구 신사동 655-7 1F,02-3445-6108,"https://mp-seoul-image-production-s3.mangoplate.com/218045/9xk7s3y-9sntnu.jpg?fit=around|512:512&crop=512:512;*,*&output-format=jpg&output-quality=80"
바러프,0,569,1,8,서울특별시 강남구 선릉로155길 12 104호<br><br> 지번 서울시 강남구 신사동 657-1 104호,010-6463-3226,"https://mp-seoul-image-production-s3.mangoplate.com/475152/449685_1640948919197_60701?fit=around|512:512&crop=512:512;*,*&output-format=jpg&output-quality=80"
나인오어,0,97,1,10,서울특별시 강남구 테헤란로104길 19<br><br> 지번 서울시 강남구 대치동 1000,000-0000-0000,"https://mp-seoul-image-production-s3.mangoplate.com/1163316_1678204259139314.jpg?fit=around|512:512&crop=512:512;*,*&output-format=jpg&output-quality=80"
파티피플,0,9,1,0,서울특별시 강남구 도산대로 429 1F<br><br> 지번 서울시 강남구 청담동 91-8 1F,0507-1332-5682,"https://mp-seoul-image-production-s3.mangoplate.com/510923/905836_1677744777429_1000002644?fit=around|512:512&crop=512:512;*,*&output-format=jpg&output-quality=80"
Kompakt Record Bar,0,6679,7,126,서울특별시 강남구 도산대로25길 46<br><br> 지번 서울시 강남구 신사동 566-1,010-2718-5866,"https://mp-seoul-image-production-s3.mangoplate.com/722502_1597365497121068.jpg?fit=around|512:512&crop=512:512;*,*&output-format=jpg&output-quality=80"
파복스,0,5100,6,78,서울특별시 강남구 논현로151길 17 1F<br><br> 지번 서울시 강남구 신사동 563-18 1F,02-3444-5684,"https://mp-seoul-image-production-s3.mangoplate.com/added_restaurants/479988_1471967344355712.jpg?fit=around|512:512&crop=512:512;*,*&output-format=jpg&output-quality=80"
매니아스트리트,0,5288,2,83,서울특별시 강남구 압구정로2길 57 1F<br><br> 지번 서울시 강남구 신사동 516-18 1F,010-3862-5516,"https://mp-seoul-image-production-s3.mangoplate.com/359539/840737_1606311532624_28367?fit=around|512:512&crop=512:512;*,*&output-format=jpg&output-quality=80"
오디언스,0,1232,2,20,서울특별시 강남구 도산대로45길 8-8 B1<br><br> 지번 서울시 강남구 신사동 651-9 B1,070-8802-0380,"https://mp-seoul-image-production-s3.mangoplate.com/467290/931513_1651253653031_12446?fit=around|512:512&crop=512:512;*,*&output-format=jpg&output-quality=80"
비노아미쿠스,0,473,1,10,서울특별시 강남구 양재천로 191 105-1호<br><br> 지번 서울시 강남구 도곡동 454-5 105-1호,02-574-0988,"https://mp-seoul-image-production-s3.mangoplate.com/485713/1245199_1651828520792_67113?fit=around|512:512&crop=512:512;*,*&output-format=jpg&output-quality=80"
까사델비노,0,12410,8,179,서울특별시 강남구 선릉로162길 43<br><br> 지번 서울시 강남구 청담동 80-5,02-542-8003,"https://mp-seoul-image-production-s3.mangoplate.com/260/126_1447514011430_9355?fit=around|512:512&crop=512:512;*,*&output-format=jpg&output-quality=80"
캐시바,0,5266,4,20,서울특별시 강남구 봉은사로2길 10<br><br> 지번 서울시 강남구 역삼동 809-2,02-565-5465,"https://mp-seoul-image-production-s3.mangoplate.com/328993/434101_1499330416674_434101_1499180075250_729?fit=around|512:512&crop=512:512;*,*&output-format=jpg&output-quality=80"
와인어클락,0,3921,4,38,서울특별시 강남구 강남대로106길 14 오성빌딩 2F<br><br> 지번 서울시 강남구 역삼동 813-2 오성빌딩 2F,02-563-2200,"https://mp-seoul-image-production-s3.mangoplate.com/380664/1150196_1604982219631_49486?fit=around|512:512&crop=512:512;*,*&output-format=jpg&output-quality=80"
트리하우스,0,6169,3,120,서울특별시 강남구 삼성로104길 21<br><br> 지번 서울시 강남구 삼성동 148-13,02-556-2017,"https://mp-seoul-image-production-s3.mangoplate.com/added_restaurants/66561_1496143472568337.jpg?fit=around|512:512&crop=512:512;*,*&output-format=jpg&output-quality=80"
레 끌레 드 크리스탈,0,1185,3,36,서울특별시 강남구 압구정로79길 8 하나빌딩 2-3F<br><br> 지번 서울시 강남구 청담동 119-8 하나빌딩 2-3F,02-515-1198,"https://mp-seoul-image-production-s3.mangoplate.com/412315/1411507_1667487418240_19432?fit=around|512:512&crop=512:512;*,*&output-format=jpg&output-quality=80"
라뷸,0,8051,2,362,서울특별시 강남구 압구정로80길 24 B1<br><br> 지번 서울시 강남구 청담동 95-5 B1,02-511-5692,"https://mp-seoul-image-production-s3.mangoplate.com/348145/37227_1543326077247_8779?fit=around|512:512&crop=512:512;*,*&output-format=jpg&output-quality=80"
하프컷,0,1910,2,27,서울특별시 강남구 삼성로75길 32 1F 101호<br><br> 지번 서울시 강남구 대치동 901-60 1F 101호,02-6053-1919,"https://mp-seoul-image-production-s3.mangoplate.com/602257_1675503382128472.jpg?fit=around|512:512&crop=512:512;*,*&output-format=jpg&output-quality=80"
청담하우스바,0,3500,1,27,서울특별시 강남구 선릉로152길 21<br><br> 지번 서울시 강남구 청담동 89-6,010-3241-7456,"https://mp-seoul-image-production-s3.mangoplate.com/384700/449685_1552896509860_10671?fit=around|512:512&crop=512:512;*,*&output-format=jpg&output-quality=80"
타임,0,2444,1,23,서울특별시 강남구 선릉로 344<br><br> 지번 서울시 강남구 대치동 908,000-0000-0000,"https://mp-seoul-image-production-s3.mangoplate.com/275744/655610_1478685009625_9702?fit=around|512:512&crop=512:512;*,*&output-format=jpg&output-quality=80"
록키,0,79,4,3,서울특별시 강남구 압구정로10길 30-7<br><br> 지번 서울시 강남구 신사동 524-21,000-0000-0000,"https://mp-seoul-image-production-s3.mangoplate.com/492053/2508090_1676551002863_1000001024?fit=around|512:512&crop=512:512;*,*&output-format=jpg&output-quality=80"
에스653,0,5065,2,27,서울특별시 강남구 도산대로51길 19<br><br> 지번 서울시 강남구 신사동 653-4,010-3700-1117,"https://mp-seoul-image-production-s3.mangoplate.com/826759_1501487270780498.jpg?fit=around|512:512&crop=512:512;*,*&output-format=jpg&output-quality=80"
Esum,0,4539,2,63,서울특별시 강남구 봉은사로4길 32 B1<br><br> 지번 서울시 강남구 역삼동 813-3 B1,010-9281-3828,"https://mp-seoul-image-production-s3.mangoplate.com/412971/1481179_1660444281412_1660444205236.jpg?fit=around|512:512&crop=512:512;*,*&output-format=jpg&output-quality=80"
그랑아 2,0,2220,2,3,서울특별시 강남구 봉은사로 130<br><br> 지번 서울시 강남구 역삼동 603,02-531-6868,"https://mp-seoul-image-production-s3.mangoplate.com/828430_1662236774582088.jpg?fit=around|512:512&crop=512:512;*,*&output-format=jpg&output-quality=80"
영심이와세컨드바,0,3911,1,35,서울특별시 강남구 테헤란로84길 9<br><br> 지번 서울시 강남구 대치동 943-8,02-555-9438,"https://mp-seoul-image-production-s3.mangoplate.com/52797/reirei_amza-yi.jpg?fit=around|512:512&crop=512:512;*,*&output-format=jpg&output-quality=80"
SMT House Lobby Lounge,0,1776,1,16,서울특별시 강남구 압구정로79길 58 1F<br><br> 지번 서울시 강남구 청담동 125-24 1F,02-515-9201,"https://mp-seoul-image-production-s3.mangoplate.com/449693_1607157316335208.jpg?fit=around|512:512&crop=512:512;*,*&output-format=jpg&output-quality=80"
보야저,0,263,1,7,서울특별시 강남구 도산대로45길 10-2 B1<br><br> 지번 서울시 강남구 신사동 651-2 B1,070-8886-7799,"https://mp-seoul-image-production-s3.mangoplate.com/338150_1640960545644828.jpg?fit=around|512:512&crop=512:512;*,*&output-format=jpg&output-quality=80"
원하프라운지펍,0,102,1,2,서울특별시 강남구 가로수길 19 B1<br><br> 지번 서울시 강남구 신사동 536-18 B1,0507-1332-3756,"https://mp-seoul-image-production-s3.mangoplate.com/2068598_1665971091511422.jpg?fit=around|512:512&crop=512:512;*,*&output-format=jpg&output-quality=80"
오픈엔드,0,93,1,1,서울특별시 강남구 도산대로51길 14 3F<br><br> 지번 서울시 강남구 신사동 654-12 3F,0507-1302-5883,"https://mp-seoul-image-production-s3.mangoplate.com/502704/26737_1669815564596_1000002762?fit=around|512:512&crop=512:512;*,*&output-format=jpg&output-quality=80"
디깅,0,8085,4,85,서울특별시 강남구 테헤란로10길 14 B1<br><br> 지번 서울시 강남구 역삼동 823-8 B1,02-562-1014,"https://mp-seoul-image-production-s3.mangoplate.com/333427/860016_1506166096527_78483?fit=around|512:512&crop=512:512;*,*&output-format=jpg&output-quality=80"
도시문,0,778,4,17,서울특별시 강남구 남부순환로351길 4<br><br> 지번 서울시 강남구 도곡동 957,02-579-3002,"https://mp-seoul-image-production-s3.mangoplate.com/454903/1575751_1666371808877_47741?fit=around|512:512&crop=512:512;*,*&output-format=jpg&output-quality=80"
코르바니w,0,966,3,18,서울특별시 강남구 도산대로11길 31-7<br><br> 지번 서울시 강남구 신사동 517-25,0507-1442-8923,"https://mp-seoul-image-production-s3.mangoplate.com/598583_1631942176409502.jpg?fit=around|512:512&crop=512:512;*,*&output-format=jpg&output-quality=80"
도쿄재즈,0,10367,2,68,서울특별시 강남구 테헤란로87길 45 삼성빌딩<br><br> 지번 서울시 강남구 삼성동 153-44 삼성빌딩,02-3453-4472,"https://mp-seoul-image-production-s3.mangoplate.com/75997/52544_1436234638696.jpg?fit=around|512:512&crop=512:512;*,*&output-format=jpg&output-quality=80"
부쉬윅,0,3749,2,19,서울특별시 강남구 선릉로153길 34 B1<br><br> 지번 서울시 강남구 신사동 647-23 B1,010-8482-8432,"https://mp-seoul-image-production-s3.mangoplate.com/27066_1626100356739516.jpg?fit=around|512:512&crop=512:512;*,*&output-format=jpg&output-quality=80"
계곡,0,4264,1,51,서울특별시 강남구 도산대로51길 36 B1<br><br> 지번 서울시 강남구 신사동 655 B1,070-8833-4705,"https://mp-seoul-image-production-s3.mangoplate.com/729747_1580649897128353.jpg?fit=around|512:512&crop=512:512;*,*&output-format=jpg&output-quality=80"
아지트,0,3143,1,13,서울특별시 강남구 도산대로46길 21 한진로즈힐아파트상가 B1<br><br> 지번 서울시 강남구 논현동 105-4 한진로즈힐아파트상가 B1,02-548-1121,"https://mp-seoul-image-production-s3.mangoplate.com/57286_1508241727471717.jpg?fit=around|512:512&crop=512:512;*,*&output-format=jpg&output-quality=80"
솔레라,0,772,1,5,서울특별시 강남구 논현로26길 46-12 1F<br><br> 지번 서울시 강남구 도곡동 457-6 1F,02-3463-2021,"https://mp-seoul-image-production-s3.mangoplate.com/338150_1642768882271095.jpg?fit=around|512:512&crop=512:512;*,*&output-format=jpg&output-quality=80"
유어네이키드치즈,0,228,3,21,서울특별시 강남구 압구정로10길 35-1 4F<br><br> 지번 서울시 강남구 신사동 534-6 4F,0507-1330-9036,"https://mp-seoul-image-production-s3.mangoplate.com/465679/26737_1667201832171_1000002236?fit=around|512:512&crop=512:512;*,*&output-format=jpg&output-quality=80"
마토,0,4456,2,46,서울특별시 강남구 선릉로146길 23 4F<br><br> 지번 서울시 강남구 청담동 21-21 4F,02-543-0488,"https://mp-seoul-image-production-s3.mangoplate.com/190022_1422753079686?fit=around|512:512&crop=512:512;*,*&output-format=jpg&output-quality=80"
설천와인하우스,0,1290,2,21,서울특별시 강남구 논현로24길 9 1F<br><br> 지번 서울시 강남구 도곡동 449-7 1F,0507-1443-4679,"https://mp-seoul-image-production-s3.mangoplate.com/886722_1650359755038211.jpg?fit=around|512:512&crop=512:512;*,*&output-format=jpg&output-quality=80"
더부즈,0,1836,1,32,서울특별시 강남구 도산대로85길 13 B1<br><br> 지번 서울시 강남구 청담동 121-30 B1,02-547-8002,"https://mp-seoul-image-production-s3.mangoplate.com/390964/1042666_1582007823008_29380?fit=around|512:512&crop=512:512;*,*&output-format=jpg&output-quality=80"
문빔,0,1099,1,16,서울특별시 강남구 압구정로2길 35<br><br> 지번 서울시 강남구 신사동 519-1,070-8865-9225,"https://mp-seoul-image-production-s3.mangoplate.com/399041/2169057_1645803863216_36008?fit=around|512:512&crop=512:512;*,*&output-format=jpg&output-quality=80"
바제라늄,0,326,1,22,서울특별시 강남구 도산대로55길 37 1F<br><br> 지번 서울시 강남구 청담동 84-14 1F,02-3445-1101,"https://mp-seoul-image-production-s3.mangoplate.com/475206/172778_1650941754728_146338?fit=around|512:512&crop=512:512;*,*&output-format=jpg&output-quality=80"
비크 이 뮈르달,0,224,1,4,서울특별시 강남구 봉은사로 123 리체힐신논현오피스텔 F101호<br><br> 지번 서울시 강남구 논현동 202-9 리체힐신논현오피스텔 F101호,0507-1365-7234,"https://mp-seoul-image-production-s3.mangoplate.com/2227850_1655188190334652.jpg?fit=around|512:512&crop=512:512;*,*&output-format=jpg&output-quality=80"
볼륨엘피바,0,28,1,3,서울특별시 강남구 선릉로157길 14<br><br> 지번 서울시 강남구 신사동 663-23,02-515-5544,"https://mp-seoul-image-production-s3.mangoplate.com/528080_1676646663080687.jpg?fit=around|512:512&crop=512:512;*,*&output-format=jpg&output-quality=80"
배산임수,0,821,0,38,서울특별시 강남구 영동대로106길 9 5F<br><br> 지번 서울시 강남구 삼성동 160-22 5F,02-555-0655,"https://mp-seoul-image-production-s3.mangoplate.com/638032_1662772105259168.jpg?fit=around|512:512&crop=512:512;*,*&output-format=jpg&output-quality=80"
까치양조장,0,4071,6,68,서울특별시 강남구 봉은사로4길 23 2-3F<br><br> 지번 서울시 강남구 역삼동 811-13 2-3F,02-558-9933,"https://mp-seoul-image-production-s3.mangoplate.com/398566/752493_1633017634394_44157?fit=around|512:512&crop=512:512;*,*&output-format=jpg&output-quality=80"
블랙바 스테이크하우스,0,1883,4,15,서울특별시 강남구 테헤란로 610 B1<br><br> 지번 서울시 강남구 대치동 995-16 B1,02-6012-7429,"https://mp-seoul-image-production-s3.mangoplate.com/229998_1650526129911231.jpg?fit=around|512:512&crop=512:512;*,*&output-format=jpg&output-quality=80"
시그넷드링킹앤더슨,0,5182,3,88,서울특별시 강남구 언주로 118<br><br> 지번 서울시 강남구 도곡동 467-24,02-576-6891,"https://mp-seoul-image-production-s3.mangoplate.com/added_restaurants/65460_1465399634728796.jpg?fit=around|512:512&crop=512:512;*,*&output-format=jpg&output-quality=80"
버틀러,0,2363,3,41,서울특별시 강남구 논현로151길 41 상운빌딩 102호<br><br> 지번 서울시 강남구 신사동 561 상운빌딩 102호,02-541-9587,"https://mp-seoul-image-production-s3.mangoplate.com/1851484_1618054202516421.jpg?fit=around|512:512&crop=512:512;*,*&output-format=jpg&output-quality=80"
피헨,0,370,2,9,서울특별시 강남구 도산대로30길 39<br><br> 지번 서울시 강남구 논현동 75,02-543-7187,"https://mp-seoul-image-production-s3.mangoplate.com/765226_1663912937196249.jpg?fit=around|512:512&crop=512:512;*,*&output-format=jpg&output-quality=80"
라운지칠,0,3329,1,28,서울특별시 강남구 강남대로122길 14 B1<br><br> 지번 서울시 강남구 논현동 166-2 B1,02-540-3409,"https://mp-seoul-image-production-s3.mangoplate.com/901187_1517872789496205.jpg?fit=around|512:512&crop=512:512;*,*&output-format=jpg&output-quality=80"
